mens,UAE Tour,uae-tour,20,Feb,2023,7
mens,O Gran Camiño,gran-camino,23,Feb,2023,4
mens,Faun-Ardèche Classic,faun-ardeche-classic,25,Feb,2023,
mens,Omloop Het Nieuwsblad,omloop-het-nieuwsblad,25,Feb,2023,
mens,Kuurne - Brussel - Kuurne,kuurne-brussel-kuurne,26,Feb,2023,
mens,Faun Drôme Classic,la-drome-classic,26,Feb,2023,
mens,Le Samyn,gp-samyn,28,Feb,2023,
mens,Trofeo Laigueglia,trofeo-laigueglia,1,Mar,2023,
mens,Strade Bianche,strade-bianche,4,Mar,2023,
mens,Grand Prix Criquelion,grand-prix-criquielion,4,Mar,2023,
mens,Paris-Nice,paris-nice,5,Mar,2023,8
mens,Grote prijs Jean-Pierre Monseré,grote-prijs-jean-pierre-monsere,5,Mar,2023,
mens,Tirreno-Adriatico,tirreno-adriatico,6,Mar,2023,7
mens,Albert Achterhes Profronde van Drenthe,ronde-van-drenthe,12,Mar,2023,
mens,Danilith Nokere Koerse,nokere-koers,15,Mar,2023,
mens,Milano-Torino,milano-torino,15,Mar,2023,
mens,GP de Denain Porte du Hainaut,gp-de-denain,16,Mar,2023,
mens,Bredene Koksijde Classic,bredene-koksijde-classic,17,Mar,2023,
mens,Milano-Sanremo,milano-sanremo,18,Mar,2023,
mens,Classic Loire Atlantique,classic-loire-atlantique,18,Mar,2023,
mens,Per Sempre Alfredo,per-sempre-alfredo,19,Mar,2023,
mens,Cholet Pays de Loire,cholet-pays-de-loire,19,Mar,2023,
mens,Volta Ciclista a Catalunya,volta-a-catalunya,20,Mar,2023,7
mens,Settimana Internazionale di Coppi e Bartali,settimana-internazionale-coppi-e-bartali,21,Mar,2023,5
mens,Classic Brugge - De Panne,oxyclean-classic-brugge-de-panne,22,Mar,2023,
mens,E3 Saxo Bank Classic,e3-harelbeke,24,Mar,2023,
mens,Gent-Wevelgem in Flanders Fields,gent-wevelgem,26,Mar,2023,
mens,GP Industria & Artigianato,gp-industria-artigianato,26,Mar,2023,
mens,La Roue Tourangelle Région Centre - Trophée Groupama Paris Val,la-roue-tourangelle,26,Mar,2023,
mens,Dwars door Vlaanderen / A Travers La Flandre,dwars-door-vlaanderen,29,Mar,2023,
mens,La Route Adélie de Vitré,route-adelie-de-vitre,31,Mar,2023,
mens,GP Miguel Indurain,gp-miguel-indurain,1,Apr,2023,
mens,Volta Limburg Classic,volta-limburg-classic,1,Apr,2023,
mens,Ronde van Vlaanderen,ronde-van-vlaanderen,2,Apr,2023,
mens,Itzulia Basque Country,itzulia-basque-country,3,Apr,2023,6
mens,Region Pays de la Loire Tour,region-pays-de-la-loire,4,Apr,2023,4
mens,Scheldeprijs,scheldeprijs,5,Apr,2023,
mens,Paris-Roubaix,paris-roubaix,9,Apr,2023,
mens,Paris - Camembert,paris-camembert,11,Apr,2023,
mens,Giro di Sicilia,giro-di-sicilia,11,Apr,2023,4
mens,Brabantse Pijl - La Flèche Brabançonne,brabantse-pijl,12,Apr,2023,
mens,Classic Grand Besançon Doubs,classic-grand-besancon-doubs,14,Apr,2023,
mens,Tour du Jura Cycliste,tour-du-jura-cycliste,15,Apr,2023,
mens,Amstel Gold Race,amstel-gold-race,16,Apr,2023,
mens,Tour du Doubs - Conseil Général,tour-du-doubs,16,Apr,2023,
mens,Tour of the Alps,tour-of-the-alps,17,Apr,2023,5
mens,La Flèche Wallonne,la-fleche-wallone,19,Apr,2023,
mens,Liège - Bastogne - Liège,liege-bastogne-liege,23,Apr,2023,
mens,Presidential Cycling Tour of Turkiye,tour-of-turkey,08,Oct,2023,8
mens,Tour de Romandie,tour-de-romandie,25,Apr,2023,6
mens,Vuelta Asturias Julio Alvarez Mendo,vuelta-asturias,28,Apr,2023,3
mens,Eschborn-Frankfurt 'Rund um den Finanzplatz',eschborn-frankfurt,1,May,2023,
mens,Giro d'Italia,giro-d-italia,6,May,2023,21
mens,Grand Prix du Morbihan,gp-de-plumelec,6,May,2023,
mens,Tro Bro Leon,tro-bro-leon,7,May,2023,
mens,Paris-Roubaix Espoirs,paris-roubaix-juniors,7,May,2023,
mens,Tour de Hongrie,tour-de-hongrie,10,May,2023,5
mens,Boucles de l'Aulne - Chateaulin,boucles-de-l-aulne,14,May,2023,
mens,Tour du Finistère,tour-du-finistere,15,May,2023,
mens,4 Jours de Dunkerque,4-jours-de-dunkerque,16,May,2023,6
mens,Circuit de Wallonie,circuit-de-wallonie,18,May,2023,
mens,Veenendaal-Veenendaal Classic,veenendaal-veenendaal,20,May,2023,
mens,Rund um Köln,rund-um-koln,21,May,2023,
mens,Antwerp Port Epic / Sels Trophy,antwerp-port-epic,21,May,2023,
mens,Boucles de la Mayenne,boucles-de-la-mayenne,25,May,2023,4
mens,Tour of Norway,tour-of-norway,26,May,2023,4
mens,Ronde van Limburg,ronde-van-limburg,29,May,2023,
mens,Mercan'Tour Classic Alpes-Maritimes,mercan-tour-classic-alpes-maritimes,30,May,2023,
mens,Giro dell'Appennino,giro-del-appennino,2,Jun,2023,
mens,Heylen Vastgoed Heistse Pijl,heist-op-den-berg,3,Jun,2023,
mens,Critérium du Dauphiné,dauphine,4,Jun,2023,8
mens,Brussels Cycling Classic/ Paris - Bruxelles,brussels-cycling-classic,4,Jun,2023,
mens,ZLM Tour,zlm-tour,7,Jun,2023,5
mens,Grosser Preis des Kantons Aargau,gp-du-canton-d-argovie,9,Jun,2023,
mens,Dwars door het Hageland - Aarschot,dwars-door-het-hageland,10,Jun,2023,
mens,Tour de Suisse,tour-de-suisse,11,Jun,2023,8
mens,Elfstedenronde Brugge,circuit-des-xi-villes,11,Jun,2023,
mens,Mont Ventoux Dénivelé Challenge,mont-ventoux-denivele-challenge,13,Jun,2023,
mens,Tour of Slovenia,tour-of-slovenia,14,Jun,2023,5
mens,La Route d'Occitanie - La Dépêche du Midi,la-route-d-occitanie,15,Jun,2023,4
mens,Ethias Tour de Wallonie,tour-de-wallonie,22,Jun,2023,5
mens,Baloise Belgium Tour,tour-of-belgium,22,Jun,2023,5
mens,Eurométropole Tour - Circuit Franco Belge,circuit-franco-belge,28,Jun,2023,
mens,Tour de France,tour-de-france,1,Jul,2023,21
mens,Int. Österreich-Rundfahrt-Tour of Austria,tour-of-austria,2,Jul,2023,5
mens,Sibiu Cycling Tour,sibiu-cycling-tour,6,Jul,2023,5
mens,Axion SWISS Bank Gran Premio Città di Lugano,gp-lugano,9,Jul,2023,
mens,Slag Om Norg,slag-om-norg,15,Jul,2023,
mens,Prueba Villafranca-Ordiziako Klasika,prueba-villafranca,23,Jul,2023,
mens,Vuelta a Castilla y Leon,vuelta-a-castilla-y-leon,26,Jul,2023,2
mens,Sazka Tour,sazka-tour,27,Jul,2023,4
mens,Tour de Pologne,tour-de-pologne,29,Jul,2023,7
mens,Donostia San Sebastian Klasikoa,san-sebastian,29,Jul,2023,
mens,Circuito de Getxo-Memorial Hermanos Otxoa,circuito-de-getxo,30,Jul,2023,
mens,Tour de l'Ain - la route du Progrès,tour-de-l-ain,31,Jul,2023,3
mens,World Championship Road Race,world-championship,6,Aug,2023,
mens,World Championship Mixed Time Trial,world-championships-mixed-relay-ttt,8,Aug,2023,
mens,World Mens U23 Time Trial,world-championships-itt-u23,9,Aug,2023,
mens,World Championship Time Trial,world-championship-itt,11,Aug,2023,
mens,World Mens U23 Road Race,world-championships-u23,12,Aug,2023,
mens,La Polynormande,la-poly-normande,13,Aug,2023,
mens,Vuelta a Burgos,vuelta-a-burgos,15,Aug,2023,5
mens,Tour du Limousin Périgord -- Nouvelle Aquitane,tour-du-limousin,15,Aug,2023,4
mens,Postnord Danmark Rundt,tour-of-denmark,15,Aug,2023,5
mens,Arctic Race of Norway,arctic-race-of-norway,17,Aug,2023,4
mens,Druivenkoers - Overijse,druivenkoers-overijse,19,Aug,2023,
mens,BEMER Cyclassics,cyclassics-hamburg,20,Aug,2023,
mens,Egmont Cycling Race,gp-stad-zottegem,20,Aug,2023,
mens,Tour Poitou - Charentes en Nouvelle Aquitaine,tour-du-poitou-charentes-et-de-la-vienne,22,Aug,2023,5
mens,Benelux Tour,benelux-tour,23,Aug,2023,5
mens,Deutschland Tour,deutschland-tour,23,Aug,2023,5
mens,Vuelta a España,vuelta-a-espana,26,Aug,2023,21
mens,Bretagne Classic - Ouest France,bretagne-classic,3,Sep,2023,
mens,Maryland Cycling Classic,maryland-cycling-classic,3,Sep,2023,
mens,Tour of Britain,tour-of-britain,3,Sep,2023,8
mens,Tour of Leuven-Memorial Jef Scherens,gp-jef-scherens,3,Sep,2023,
mens,Grand Prix Cycliste de Québec,gp-quebec,8,Sep,2023,
mens,Grand Prix Cycliste de Montréal,gp-montreal,10,Sep,2023,
mens,GP de Fourmies / La Voix du Nord,gp-de-fourmies,10,Sep,2023,
mens,GP de Wallonie,gp-de-wallonie,13,Sep,2023,
mens,Giro della Toscana - Memorial Alfredo Martini,giro-di-toscana,13,Sep,2023,
mens,Okolo Slovenska / Tour de Slovaquie,okolo-slovenska,13,Sep,2023,5
mens,Coppa Sabatini / GP Citta di Peccioli,gp-citta-di-peccioli,14,Sep,2023,
mens,Tour of Taihu Lake,tour-of-taihu-lake,14,Sep,2023,4
mens,Kampioenschap van Vlaanderen,kampioenschap-van-vlaanderen,15,Sep,2023,
mens,SUPER 8 - Primus Classic,gp-impanis-van-petegem,16,Sep,2023,
mens,Memorial Marco Pantani,memorial-marco-pantani,16,Sep,2023,
mens,Gooikse Pijl,gooikse-pijl,17,Sep,2023,
mens,GP d'Isbergues - Pas de Calais,gp-d-isbergues,17,Sep,2023,
mens,Trofeo Matteotti,trofeo-matteotti,17,Sep,2023,
mens,UEC Road European Championships- ITT,uec-road-european-championships-itt,19,Sep,2023,
mens,UEC European Championship U23 TT,european-championship-itt-mj,19,Sep,2023,
mens,Omloop van het Houtland Middelkerke - Lichtervelde,omloop-van-het-houtland-lichtervelde,20,Sep,2023,
mens,SKODA Tour Luxembourg,tour-de-luxembourg,20,Sep,2023,5
mens,UEC European Championship U23 RR,european-championship-mj,21,Sep,2023,
mens,Tour de Langkawi,tour-de-langkawi,23,Sep,2023,8
mens,Classica Andorra Pirineus,classica-andorra-pirineus,23,Sep,2023,
mens,UEC Road European Championships- RR,uec-road-european-championships,24,Sep,2023,
mens,Paris-Chauny,paris-chauny-classique,24,Sep,2023,
mens,CRO Race,tour-of-croatia,26,Sep,2023,6
mens,Coppa Agostoni - Giro delle Brianze,coppa-agostoni,28,Sep,2023,
mens,Giro dell'Emilia,giro-dell-emilia,30,Sep,2023,
mens,GP Cerami,gp-cerami,30,Sep,2023,
mens,Lotto Famenne Ardenne Classic,famenne-ardenne-classic,1,Oct,2023,
mens,Trofeo Baracchi,trofeo-baracchi,1,Oct,2023,
mens,Il Piccolo Lombardia,piccolo-giro-di-lombardia,1,Oct,2023,
mens,Tour de Vendée,tour-de-vendee,1,Oct,2023,
mens,Coppa Bernocchi- GP BPM,coppa-bernocchi,2,Oct,2023,
mens,Tre Valli Varesine,tre-valli-varesine,3,Oct,2023,
mens,Binche-Chimay-Binche-Memorial Frank Vandenbroucke,memorial-frank-vandenbroucke,3,Oct,2023,
mens,Sparkassen Münsterland Giro,munsterland-giro,3,Oct,2023,
mens,Gran Piemonte,gran-piemonte,5,Oct,2023,
mens,Il Lombardia,il-lombardia,7,Oct,2023,
mens,Paris-Tours,paris-tours,8,Oct,2023,
mens,Memorial Rik Van Steenbergen,memorial-rik-van-steenbergen,8,Oct,2023,
mens,Paris-Bourges,paris-bourges,10,Oct,2023,
mens,Giro del Veneto,giro-del-veneto,11,Oct,2023,
mens,Gree - Tour of Guangxi,tour-of-guangxi,12,Oct,2023,6
mens,Japan Cup Cycle Road Race,japan-cup,15,Oct,2023,
mens,Chrono des Nations,chrono-des-nations,15,Oct,2023,
mens,Veneto Classic,veneto-classic,15,Oct,2023,
womens,Omloop Het Nieuwsblad,omloop-het-nieuwsblad-we,25,Feb,2023,
womens,Omloop van het Hageland - Tielt-Winge 2023,omloop-van-het-hageland-tielt-winge,26,Feb,2023,
womens,Le Samyn,le-samyn-des-dames,28,Feb,2023,
womens,Strade Bianche,strade-bianche-donne,4,Mar,2023,
womens,Trofeo Oro in Euro,trofeo-oro-in-euro-women-s-bike-race,5,Mar,2023,
womens,GP Oetingen,gp-oetingen,8,Mar,2023,
womens,Drentse Acht van Westerveld,drentse-8-van-dwingeloo,10,Mar,2023,
womens,Ronde van Drenthe,womens-worldtour-ronde-van-drenthe,11,Mar,2023,
womens,Danilith Nokere Koerse,danilith-nokere-koerse-voor-dames,15,Mar,2023,
womens,Tour de Normandie,tour-de-normandie-feminin,17,Mar,2023,3
womens,Trofeo Alfredo Binda - Comune di Cittiglio,trofeo-alfredo-binda,19,Mar,2023,
womens,Classic Brugge - De Panne,exterioo-classic-brugge-de-panne-we,23,Mar,2023,
womens,Gent-Wevelgem in Flanders Fields,gent-wevelgem-women-elite,26,Mar,2023,
womens,Dwars door Vlaanderen / A Travers La Flandre,dwars-door-vlaanderen-we,29,Mar,2023,
womens,Ronde van Vlaanderen,ronde-van-vlaanderen-we,2,Apr,2023,
womens,Scheldeprijs,scheldeprijs-we,5,Apr,2023,
womens,Paris-Roubaix,paris-roubaix-we,8,Apr,2023,
womens,Ronde de Mouscron,ronde-de-mouscron,10,Apr,2023,
womens,Brabantse Pijl - La Flèche Brabançonne,brabantse-pijl-we,12,Apr,2023,
womens,Amstel Gold Race,amstel-gold-race-we,16,Apr,2023,
womens,Grand Prix Féminin de Chambéry,grand-prix-feminin-de-chambery,16,Apr,2023,
womens,La Flèche Wallonne,la-fleche-wallonne-feminine,19,Apr,2023,
womens,EPZ Omloop van Borsele WE,omloop-van-borsele,22,Apr,2023,
womens,Liège - Bastogne - Liège,liege-bastogne-liege-femmes,23,Apr,2023,
womens,GP Liberazione,gp-liberazione,25,Apr,2023,
womens,Gracia,gracia-orlova,27,Apr,2023,4
womens,Festival Elsy Jacobs,grand-prix-elsy-jacobs,29,Apr,2023,2
womens,4a reVolta,4a-revolta,29,Apr,2023,
womens,Vuelta a España,ceratzit-challenge-by-la-vuelta,1,May,2023,7
womens,La Classique Morbihan,la-classique-morbihan,5,May,2023,
womens,Grand Prix du Morbihan,gp-de-plumelec-morbihan-dames,6,May,2023,
womens,GP Eco-Struct,grote-prijs-euromat,6,May,2023,
womens,Trofee Maarten Wynants,trofee-maarten-wynants,7,May,2023,
womens,Bretagne Ladies Tour,tour-de-bretagne-feminin,9,May,2023,5
womens,Navarra Women's Elite Classic,navarra-women-s-elite-classics,10,May,2023,
womens,Itzulia Basque Country,itzulia-women,12,May,2023,3
womens,Durango-Durango Emakumeen Saria,durango-durango-emakumeen-saria,16,May,2023,
womens,Vuelta a Burgos,vuelta-a-burgos-feminas,18,May,2023,4
womens,Veenendaal-Veenendaal Classic,veenendaal-veenendaal-classic-we,19,May,2023,
womens,Antwerp Port Epic / Sels Trophy,antwerp-port-epic-ladies,21,May,2023,
womens,Internationale Lotto Thüringen Tour,int-thuringen-rundfahrt-der-frauen,23,May,2023,6
womens,Tour de Feminin,tour-de-feminin,25,May,2023,4
womens,Ride London Classique,prudential-ride-london-gp-we,26,May,2023,3
womens,Gran Premio Ciudad de Eibar,gran-premio-ciudad-de-eibar,28,May,2023,
womens,Vuelta a Andalucia Ruta Ciclista Del Sol,vuelta-ciclista-andalucia-ruta-del-sol,31,May,2023,5
womens,Dwars door de Westhoek,dwars-door-de-westhoek,4,Jun,2023,
womens,Alpes Gresivaudan Classic,alpes-gresivaudan-classic,4,Jun,2023,
womens,Women's Tour,the-women-s-tour,6,Jun,2023,6
womens,CIC-Tour Féminin International des Pyrénées,cic-tour-feminin-international-des-pyrenees,9,Jun,2023,3
womens,Dwars door het Hageland - Aarschot,default-seo-18,10,Jun,2023,
womens,SPAR Flanders Diamond Tour,diamand-tour,11,Jun,2023,
womens,Lotto Belgium Tour,lotto-belgium-tour,14,Jun,2023,5
womens,Tour de Suisse,tour-de-suisse-women,17,Jun,2023,4
womens,Giro d'Italia,giro-d-italia-femminile,30,Jun,2023,10
womens,Baloise Ladies Tour,bene-ladies-tour,12,Jul,2023,5
womens,Tour de France,tour-de-france-femmes,23,Jul,2023,8
womens,Kreiz Breizh Elites Feminin,Tour-de-Belle-Isle-en-Terre-Kreiz-Breizh-Elites-Da,1,Aug,2023,
womens,World Championship TTT,world-championships-mixed-relay-ttt,8,Aug,2023,
womens,World Championship Time Trial,world-championship-itt-we,10,Aug,2023,
womens,World Championship Road Race,world-championship-we,13,Aug,2023,
womens,Konvert Koerse,konvert-kortrijk-koerse,18,Aug,2023,
womens,Tour of Scandinavia,tour-of-scandinavia,22,Aug,2023,6
womens,Bretagne Classic - Ouest France,bretagne-classic,2,Sep,2023,
womens,Grote prijs Beerens,grote-prijs-beerens,3,Sep,2023,
womens,Simac Ladies Tour,simac-ladies-tour,5,Sep,2023,6
womens,Tour de l'Ardèche,tour-cycliste-feminin-international-ardeche,5,Sep,2023,7
womens,GP de Wallonie,grisette-grand-prix-de-wallonie,13,Sep,2023,
womens,Tour de Romandie,tour-de-romandie-feminin,15,Sep,2023,3
womens,Giro dell'Emilia,giro-dell-emilia-internazionale-donne-elite,30,Sep,2023,
womens,Tre Valli Varesine,tre-valli-varesine-women-s-race,3,Oct,2023,
womens,Binche-Chimay-Binche-Memorial Frank Vandenbroucke,memorial-frank-vandenbroucke-we,3,Oct,2023,
womens,Tour of Chongming Island,tour-of-chongming-island-world-cup,12,Oct,2023,3
womens,Chrono des Nations,chrono-des-nations,15,Oct,2023,
womens,Tour of Guangxi WWT,tour-of-guangxi-women-s-elite-world-challenge,17,Oct,2023,
