mens,Aaron Dockx,BEL,APT,1,0,0
mens,Aaron Gate,NZL,XAT,2,1,280
mens,Aaron Van der Beken,BEL,XYZ,1,1,0
mens,Aaron Van Poucke,BEL,XYZ,1,1,0
mens,Abdulla Jasim Al-Ali,UAE,UAZ,1,0,0
mens,Abel Balderstone,ESP,CJR,3,1,250
mens,Abner González,PUR,XYZ,1,1,0
mens,Abram Stockman,GER,URR,1,1,0
mens,Adam Mitchell,GBR,VDU,1,0,0
mens,Adam Rafferty,IRL,HBG,1,0,0
mens,Adam Toupalik,CZE,URR,1,1,0
mens,Adam Yates,GBR,UAD,8,12,675
mens,Ådne Holter,NOR,UXM,1,1,40
mens,Adrià Pericas,ESP,UAD,1,0,0
mens,Adrián Benito,ESP,PTV,1,0,0
mens,Adrián Fajardo,ESP,BBH,1,0,0
mens,Adrien Boichis,FRA,RBH,1,0,0
mens,Adrien Maire,FRA,URR,1,1,85
mens,Adrien Petit,FRA,ZZZ,1,1,0
mens,Afonso Eulalio,POR,TBV,3,1,185
mens,Ahmed Madan,BRN,BVD,1,1,0
mens,Ahmed Naser,BRN,BVD,1,0,0
mens,Ahmet Orken,TUR,XYZ,1,1,0
mens,Aidan Buttigieg,MLT,PTV,1,1,0
mens,Aimé De Gendt,BEL,PQT,1,1,100
mens,Aivaras Mikutis,LTU,TUD,2,1,220
mens,Alan Banaszek,POL,LPP,1,1,0
mens,Alan Hatherly,RSA,JAY,1,1,0
mens,Alan Jousseaume,FRA,TEN,1,1,0
mens,Alan Riou,FRA,XYZ,1,1,0
mens,Alastair MacKellar,AUS,EFE,1,1,0
mens,Albert Torres,ESP,MOV,1,1,0
mens,Albert Withen Philipsen,DEN,LTK,12,1,780
mens,Alberto Bettiol,ITA,XAT,5,10,510
mens,Alberto Bruttomesso,ITA,TBV,1,1,0
mens,Alberto Dainese,ITA,SOQ,3,1,270
mens,Aldemar Reyes Ortega,COL,ZZZ,1,1,0
mens,Aldo Taillieu,BEL,VLD,1,0,0
mens,Alec Segaert,BEL,TBV,4,8,320
mens,Alejandro Osorio,COL,XYZ,1,1,0
mens,Aleksander Zubek,POL,TND,1,0,0
mens,Aless De Bock,BEL,APD,1,0,0
mens,Alessandro Borgo,ITA,TBV,1,0,0
mens,Alessandro Covi,ITA,JAY,3,1,330
mens,Alessandro De Marchi,ITA,ZZZ,1,1,0
mens,Alessandro Fancellu,ITA,MBH,1,1,110
mens,Alessandro Iacchi,ITA,TFT,1,1,0
mens,Alessandro Perracchione,ITA,TNN,1,1,0
mens,Alessandro Pinarello,ITA,NSN,2,1,180
mens,Alessandro Romele,ITA,XAT,1,1,100
mens,Alessandro Tonelli,ITA,PTV,1,1,0
mens,Alessandro Verre,ITA,MBH,1,1,60
mens,Alessio Delle Vedove,ITA,AQD,1,0,0
mens,Alessio Magagnotti,ITA,RBC,1,0,0
mens,Alessio Martinelli,ITA,BCS,1,1,0
mens,Alex Aranburu,ESP,COF,10,8,1000
mens,Alex Baudin,FRA,EFE,4,6,242
mens,Alex Colman,BEL,ZZZ,1,1,30
mens,Alex Diaz,ESP,CJR,1,1,0
mens,Alex Doltaire,FRA,VDU,1,0,0
mens,Alex Hewes,AUS,ICA,1,0,0
mens,Álex Jaime,ESP,XYZ,1,1,0
mens,Alex Kirsch,LUX,COF,1,2,0
mens,Alex Martin,ESP,XYZ,1,1,0
mens,Alex Molenaar,NED,CJR,3,1,250
mens,Alex Tolio,ITA,BCS,1,1,10
mens,Alexander Edmondson,AUS,ZZZ,1,1,10
mens,Alexander Evans,AUS,XYZ,1,1,0
mens,Alexander Hajek,AUT,RBH,1,1,90
mens,Alexander Kamp,DEN,UXM,1,1,0
mens,Alexander Konychev,ITA,CAT,1,1,0
mens,Alexander Krieger,GER,ZZZ,1,1,0
mens,Alexander Kristoff,NOR,ZZZ,1,10,390
mens,Alexander Salby,DEN,LNS,1,1,25
mens,Alexander Vlasov,RUS,RBH,6,10,63
mens,Alexandre Balmer,SUI,TFT,1,1,0
mens,Alexandre Delettre,FRA,TEN,6,6,575
mens,Alexandre Mayer,MRI,BBH,1,0,0
mens,Alexandre Trouvain,FRA,DPP,1,0,0
mens,Alexey Lutsenko,KAZ,NSN,2,5,90
mens,Alexis Bouteloup,FRA,DCD,1,0,0
mens,Alexis Guerin,FRA,ACR,1,1,50
mens,Alexis Renard,FRA,COF,5,2,505
mens,Alexy Faure-Prost,FRA,TPP,1,1,0
mens,Alexys Brunel,FRA,TEN,1,1,150
mens,Alfredo Bueno,USA,EFA,1,0,0
mens,Alisher Zhumakan,KAZ,AQD,1,0,0
mens,Álvaro García,ESP,ICA,1,0,0
mens,Alvaro Hodeg,COL,XYZ,1,1,0
mens,Amanuel Ghebreigzabhier,ERI,LTK,1,1,108
mens,Amaury Capiot,BEL,JAY,2,2,170
mens,Amund Grøndahl Jansen,NOR,XYZ,1,1,0
mens,Anatol Friedl,AUT,RBC,1,0,0
mens,Ander Ganzabal,ESP,EUS,1,1,0
mens,Ander Okamika,ESP,BBH,1,1,20
mens,Anders Foldager,DEN,JAY,2,4,110
mens,Anders Halland Johannessen,NOR,UXM,3,1,375
mens,Anders Skaarseth,NOR,UXM,1,1,0
mens,Andoni López de Abetxuko,ESP,ACR,1,1,0
mens,Andre Carvahalo,POR,ALL,1,1,0
mens,Andrea Bagioli,ITA,LTK,8,4,678
mens,Andrea Bessega,ITA,LTF,1,0,0
mens,Andrea Mifsud,MLT,PTV,1,0,0
mens,Andrea Montagner,ITA,BCS,1,1,0
mens,Andrea Pasqualon,ITA,XYZ,1,1,0
mens,Andrea Peron,ITA,TNN,1,1,0
mens,Andrea Pietrobon,ITA,PTV,1,1,0
mens,Andrea Piras,ITA,TFT,1,1,0
mens,Andrea Raccagni Noviero,ITA,SOQ,2,1,240
mens,Andrea Vendrame,ITA,JAY,2,4,175
mens,Andreas Kron,DEN,UXM,1,3,50
mens,Andreas Leknessund,NOR,UXM,4,1,360
mens,Andreas Miltiadis,CYP,QPT,2,1,200
mens,Andreas Stokbro,DEN,TCQ,1,1,30
mens,Andres Camilo Ardila,COL,XYZ,1,1,0
mens,Andrew August,USA,IGD,1,1,15
mens,Andrii Ponomar,UKR,XYZ,1,1,80
mens,Ángel Fuentes,ESP,XYZ,1,1,0
mens,Angel Sanchez,ESP,TAV,1,1,0
mens,Anthon Charmig,DEN,UXM,1,1,110
mens,Anthony Delaplace,FRA,ZZZ,1,1,0
mens,Anthony Perez,FRA,ZZZ,1,1,0
mens,Anthony Turgis,FRA,TEN,2,2,260
mens,Antoine Debons,SUI,ZZZ,1,1,0
mens,Antoine Huby,FRA,XYZ,1,1,50
mens,Antoine L'Hote,FRA,DCT,1,0,0
mens,Antoine Raugel,FRA,VRR,1,1,0
mens,Anton Kuzmin,KAZ,XAT,1,1,0
mens,Anton Muller,FRA,TNN,1,1,0
mens,Anton Palzer,GER,XYZ,1,1,0
mens,Anton Schiffer,GER,TVL,1,0,0
mens,Antonio Angulo,ESP,XYZ,1,1,0
mens,Antonio Carvalho,POR,XYZ,1,1,0
mens,Antonio Jesus Soto,ESP,EKP,1,1,0
mens,Antonio Morgado,POR,UAD,5,6,440
mens,Antonio Pedrero,ESP,XYZ,1,1,60
mens,Antonio Polga,ITA,TNN,1,1,0
mens,Antonio Tiberi,ITA,TBV,8,12,480
mens,Antwan Tolhoek,NED,XYZ,1,1,0
mens,Archie Ryan,IRL,EFE,2,6,180
mens,Arjen Livyns,BEL,XAT,1,1,130
mens,Arnaud De Lie,BEL,LOI,20,20,1887
mens,Arnaud Démare,FRA,ZZZ,1,5,295
mens,Arnaud Tissières,SUI,EFC,1,1,0
mens,Arne Marit,BEL,RBH,3,1,340
mens,Artem Fofonov,FRA,AQD,1,0,0
mens,Artem Nych,RUS,ACR,1,1,0
mens,Artem Shmidt,USA,IGD,1,1,150
mens,Arthur Kluckers,LUX,TUD,1,1,100
mens,Arthur Progin,SUI,TUU,1,0,0
mens,Artuur Torney,BEL,TFB,1,0,0
mens,Arvid De Kleijn,NED,TUD,4,6,210
mens,Asbjørn Hellemose,DEN,JAY,1,1,0
mens,Asier Etxeberria,ESP,PIT,1,1,0
mens,Atsushi Oka,JPN,ABZ,1,1,0
mens,Attila Valter,HUN,TBV,1,5,0
mens,Attilio Viviani,ITA,TFT,1,1,0
mens,Aubin Sparfel,FRA,DCD,1,0,0
mens,Aurélien Paret-Peintre,FRA,DCT,3,4,265
mens,Axandre Van Petegem,BEL,TIS,1,1,0
mens,Axel Huens,FRA,GFC,1,1,60
mens,Axel Laurance,FRA,IGD,3,2,210
mens,Axel Mariault,FRA,CIC,1,1,60
mens,Axel van der Tuuk,NED,EUS,1,0,40
mens,Axel Zingle,FRA,TVL,6,10,93
mens,Ayco Bastiaens,BEL,SOQ,1,1,0
mens,Bailey McDonald,AUS,TNN,1,1,0
mens,Bailey O'Donnell,NZL,NZP,1,1,0
mens,Balazs Rozsa,HUN,XYZ,1,1,0
mens,Bálint Feldhoffer,HUN,BVD,1,0,0
mens,Bálint Makrai,HUN,MBH,1,0,0
mens,Baptiste Grégoire,FRA,CGF,1,0,0
mens,Baptiste Huyet,FRA,BAI,1,1,0
mens,Baptiste Lecoq,FRA,TUU,1,0,0
mens,Baptiste Planckaert,BEL,ZZZ,1,1,0
mens,Baptiste Vadic,FRA,TEN,1,1,90
mens,Baptiste Veistroffer,FRA,LOI,1,1,0
mens,Barnabas Peak,HUN,MBH,1,1,0
mens,Barry Ashlin,USA,VLD,1,0,0
mens,Bart Lemmen,NED,TVL,2,4,168
mens,Bastien Tronchon,FRA,GFC,3,1,285
mens,Bauke Mollema,NED,LTK,2,4,210
mens,Ben Dyball,AUS,FNX,1,1,0
mens,Ben Granger,GBR,TFT,1,0,0
mens,Ben Healy,IRL,EFE,14,8,1550
mens,Ben Morin,CAN,ICA,1,0,0
mens,Ben O'Connor,AUS,JAY,10,18,486
mens,Ben Oliver,NZL,MAP,1,0,0
mens,Ben Swift,GBR,IGD,1,1,160
mens,Ben Tulett,GBR,TVL,12,1,980
mens,Ben Turner,GBR,IGD,4,1,343
mens,Ben Wiggins,GBR,HBG,1,0,0
mens,Ben Zwiehoff,GER,RBH,2,1,148
mens,Benedikt Benz,GER,LTF,1,0,0
mens,Benjamin Thomas,FRA,COF,3,1,285
mens,Benoit Cosnefroy,FRA,UAD,8,12,300
mens,Bert Van Lerberghe,BEL,SOQ,1,1,0
mens,Biniam Girmay,ERI,NSN,12,20,940
mens,Bjoern Koerdt,GBR,TPP,1,1,0
mens,Blake Agnoletto,AUS,CGF,1,0,0
mens,Blake Quick,AUS,FNX,1,1,0
mens,Bob Jungels,LUX,IGD,1,1,128
mens,Braden Reitz,USA,DCD,1,0,0
mens,Brady Gilmore,AUS,NSN,1,0,0
mens,Bram Welten,NED,TPP,1,1,0
mens,Brandon Alejandro Rojas,COL,GES,1,1,0
mens,Brandon McNulty,USA,UAD,14,14,1370
mens,Brandon Smith Rivera,COL,IGD,1,3,23
mens,Brayan Sanchez,COL,MED,1,1,0
mens,Brem Deman,BEL,TFB,1,1,0
mens,Brendan Rhim,USA,PEC,1,1,0
mens,Brent Van Moer,BEL,PQT,3,1,300
mens,Brieuc Rolland,FRA,GFC,1,1,130
mens,Brody McDonald,USA,MAP,1,0,0
mens,Bruno Armirail,FRA,TVL,6,2,578
mens,Bruno Kessler,GER,TUU,1,0,0
mens,Bryan Coquard,FRA,COF,2,1,170
mens,Byron Munton,ZAF,MAP,1,0,0
mens,Caleb Ewan,AUS,ZZZ,1,5,90
mens,Callum Scotson,AUS,DCT,1,1,0
mens,Callum Thornley,GBR,RBH,1,0,0
mens,Calum Johnston,GBR,LNS,1,1,0
mens,Cameron Mason,GBR,APD,1,1,0
mens,Cameron Rogers,AUS,IGA,1,1,20
mens,Cameron Scott,AUS,LNS,1,1,0
mens,Camille Charret,FRA,COF,1,0,0
mens,Campbell Stewart,NZL,XYZ,1,1,0
mens,Carl Emil Just Pederesen,DEN,HBG,1,0,0
mens,Carl-Frederik Bévort,DEN,UXM,1,1,35
mens,Carlos Canal,ESP,MOV,3,1,345
mens,Carlos García Pierna,ESP,BBH,1,1,60
mens,Carlos Rodriguez,ESP,IGD,8,14,220
mens,Carlos Samudio,PAN,TFT,1,1,0
mens,Carlos Verona,ESP,LTK,1,1,108
mens,Carter Bettles,AUS,ROI,1,1,0
mens,Casper Pedersen,DEN,SOQ,1,1,160
mens,Casper van Uden,NED,TPP,2,3,140
mens,Cédric Beullens,BEL,LOI,2,1,0
mens,Cedric Keppens,BEL,VLD,1,0,0
mens,Cedrik Bakke Christophersen,NOR,URR,1,1,60
mens,Cees Bol,NED,DCT,2,3,210
mens,Célestin Guillon,FRA,XYZ,1,1,0
mens,Célestin Wattelle,FRA,TNN,1,1,0
mens,Cériel Desal,BEL,SQD,1,1,0
mens,Cesar Fonte,POR,ZZZ,1,1,0
mens,César Macías,MEX,BBH,1,0,0
mens,César Pérez,ESP,EKP,1,0,0
mens,Cesare Chesini,ITA,MBH,1,0,0
mens,Charles Paige,GBR,BAC,1,1,0
mens,Chris Fontecchio,USA,HUS,1,1,0
mens,Chris Froome,GBR,XYZ,1,1,0
mens,Chris Hamilton,AUS,TPP,1,1,0
mens,Chris Harper,AUS,PQT,1,2,100
mens,Christiaan van Rees,NED,DPP,1,0,0
mens,Christian Bagatin,ITA,MBH,1,0,0
mens,Christian Scaroni,ITA,XAT,12,2,1350
mens,Christophe Laporte,FRA,TVL,10,12,480
mens,Christophe Noppe,BEL,XYZ,1,1,0
mens,Christopher Juul Jensen,DEN,JAY,1,1,0
mens,Chun Kai Feng,TPE,ABZ,1,1,0
mens,Cian Uijtdebroeks,BEL,MOV,8,2,770
mens,Clément Alleno,FRA,BBH,1,1,15
mens,Clément Berthet,FRA,GFC,3,4,210
mens,Clément Braz Afonso,FRA,GFC,1,1,40
mens,Clément Champoussin,FRA,XAT,6,6,645
mens,Clément Davy,FRA,NMC,1,1,0
mens,Clément Izquierdo,FRA,COF,1,1,60
mens,Clement Russo,FRA,GFC,1,1,40
mens,Clément Sanchez,FRA,VDU,1,0,0
mens,Clement Venturini,FRA,URR,4,6,380
mens,Coen Vermeltfoort,NED,XYZ,1,1,0
mens,Colby Simmons,USA,EFE,1,1,0
mens,Cole Davis,USA,XYZ,1,1,0
mens,Cole Kessler,USA,MAP,1,0,0
mens,Colin Savioz,FRA,URR,1,0,0
mens,Colin Stüssi,SUI,VBG,1,1,0
mens,Connor Swift,GBR,IGD,1,1,40
mens,Conor Murphy,IRL,DCD,1,0,0
mens,Corbin Strong,NZL,NSN,10,8,935
mens,Cristian Camilo Muñoz,COL,TNC,1,1,0
mens,Cristian Rodríguez,ESP,XAT,2,2,200
mens,Cyril Barthe,FRA,GFC,1,1,0
mens,Cyrus Monk,AUS,FNX,1,1,0
mens,Daan Dijkman,NED,UAZ,1,0,0
mens,Daan Hoole,NED,DCT,4,3,378
mens,Damiano Caruso,ITA,TBV,3,1,440
mens,Damien Howson,AUS,PQT,1,1,0
mens,Damien Touze,FRA,COF,1,1,0
mens,Daniel Arroyave,COL,XYZ,1,1,0
mens,Daniel Babor,CZE,XYZ,1,1,0
mens,Daniel Cavia,ESP,BBH,1,1,0
mens,Daniel Felipe Martinez,COL,RBH,4,6,175
mens,Daniel McLay,GBR,ZZZ,1,1,0
mens,Daniel Mendez,COL,MED,1,1,0
mens,Daniel Moreira,POR,HBG,1,0,0
mens,Daniel Muñoz,COL,XYZ,1,1,0
mens,Daniel Skerl,ITA,TBV,1,1,0
mens,Daniel Stampe,DEN,BPC,1,1,0
mens,Daniel Turek,CZE,FGI,1,1,0
mens,Daniel Viegas,POR,ALL,1,1,0
mens,Daniele Forlin,ITA,MOY,1,0,0
mens,Daniil Marukhin,KAZ,HST,1,1,0
mens,Danny van der Tuuk,NED,EUS,1,1,0
mens,Danny van Poppel,NED,RBH,6,6,600
mens,Dario Giuliano,FRA,PTV,1,0,0
mens,Dario Igor Belletta,ITA,PTV,1,0,0
mens,Darren Rafferty,IRL,EFE,1,2,0
mens,Darren van Bekkum,NED,XAT,1,1,0
mens,David De La Cruz,ESP,PQT,1,1,160
mens,David Dekker,NED,BCY,1,1,0
mens,David Delgado,ESP,XYZ,1,1,0
mens,David Gaffney,IRL,HBG,1,0,0
mens,David Gaudu,FRA,GFC,5,10,170
mens,David Gonzalez,ESP,PQT,1,1,0
mens,David Lozano,COL,TNN,1,1,0
mens,David Martin,ESP,ZZZ,1,1,0
mens,David Zanutta,ITA,AQD,1,0,0
mens,Davide Bais,ITA,PTV,1,1,20
mens,Davide Baldaccini,ITA,ZZZ,1,1,0
mens,Davide Ballerini,ITA,XAT,4,1,395
mens,Davide Bomboi,BEL,ZZZ,1,1,40
mens,Davide Cimolai,ITA,ZZZ,1,2,0
mens,Davide De Cassan,ITA,GEF,1,1,0
mens,Davide De Pretto,ITA,JAY,1,4,70
mens,Davide Donati,ITA,RBC,1,0,0
mens,Davide Formolo,ITA,MOV,1,1,40
mens,Davide Frigo,ITA,IGA,1,0,0
mens,Davide Persico,ITA,MBH,1,1,0
mens,Davide Piganzoli,ITA,TVL,5,5,385
mens,Davide Stella,ITA,UAZ,1,0,0
mens,Davide Toneatti,ITA,XAT,1,1,0
mens,Dawid Lewandowski,POL,ICA,1,0,0
mens,Dawit Yemane,ERI,XYZ,1,1,0
mens,Declan Irvine,AUS,TNN,1,1,0
mens,Delio Fernandez,ESP,ZZZ,1,1,0
mens,Denis Sergiyenko,KAZ,AQD,1,0,0
mens,Derek Gee,CAN,LTK,8,5,725
mens,Dias Rysbay,KAZ,AQD,1,0,0
mens,Diego Bracalente,ITA,MBH,1,0,0
mens,Diego Camargo,COL,MED,1,1,0
mens,Diego Casagrande,SUI,TUU,1,0,0
mens,Diego Pescador,COL,MOV,1,1,15
mens,Diego Sevilla,ESP,PTV,1,1,0
mens,Diego Ulissi,ITA,XAT,5,12,370
mens,Diego Uriarte,ESP,EKP,1,1,0
mens,Dillon Corkery,IRE,TPP,1,0,0
mens,Dion Smith,NZL,NSN,1,1,100
mens,Djordje Djuric,SRB,TFT,1,1,0
mens,Domen Novak,SLO,UAD,1,1,25
mens,Donavan Grondin,FRA,VCR,1,1,0
mens,Donovan Mackie,AUS,TNN,1,0,0
mens,Dorian Godon,FRA,IGD,8,4,950
mens,Dorian Lagrave,FRA,VDU,1,0,0
mens,Doriand Percrule,FRA,XYZ,1,1,0
mens,Dries De Bondt,BEL,JAY,4,1,430
mens,Dries De Pooter,BEL,JAY,1,1,0
mens,Dries Van Gestel,BEL,SOQ,1,2,0
mens,Duarte Marivoet,BEL,LWD,1,0,0
mens,Dušan Rajović,SRB,TFT,1,1,100
mens,Dylan Bibic,CAN,ICA,1,0,0
mens,Dylan Groenewegen,NED,URR,10,12,770
mens,Dylan Sage,GBR,IGA,1,0,0
mens,Dylan Teuns,BEL,COF,2,4,50
mens,Dylan van Baarle,NED,SOQ,1,4,10
mens,Dylan Vandenstorme,BEL,TFB,1,1,0
mens,Eddie Dunbar,IRL,PQT,2,4,30
mens,Eddy Finé,FRA,ZZZ,1,1,0
mens,Eddy Le Huitouze,FRA,XYZ,1,1,0
mens,Edoardo Affini,ITA,TVL,3,5,73
mens,Edoardo Cipollini,ITA,MBH,1,0,0
mens,Edoardo Zambanini,ITA,TBV,5,5,415
mens,Edoardo Zamperini,ITA,COF,1,0,0
mens,Édouard Claisse,BEL,LWD,1,0,0
mens,Eduard Michael Grosu,ROU,FNX,1,1,0
mens,Eduard Prades,ESP,CJR,3,1,360
mens,Eduardo Sepulveda,ARG,LNS,1,1,0
mens,Edward Cruz,COL,BCS,1,1,0
mens,Edward Planckaert,BEL,APT,1,1,60
mens,Edward Ravasi,ITA,ZZZ,1,1,0
mens,Edward Theuns,BEL,LTK,1,1,150
mens,Egan Bernal,COL,IGD,12,6,1083
mens,Einer Rubio,COL,MOV,3,5,295
mens,Eivind Fougner,NOR,URR,1,0,0
mens,Elia Andreaus,ITA,BVD,1,0,0
mens,Elia Viviani,ITA,ZZZ,1,1,95
mens,Elias Maris,BEL,TFB,1,1,0
mens,Elie Gesbert,FRA,ZZZ,1,1,0
mens,Eliott Boulet,FRA,CGF,1,0,0
mens,Ellande Larronde,FRA,CJR,1,0,0
mens,Elliot Rowe,GBR,VLD,1,0,0
mens,Elmar Reinders,NED,URR,1,1,0
mens,Emanuel Buchmann,GER,COF,1,1,75
mens,Embret Svestad-Bårdseng,NOR,IGD,1,1,30
mens,Emiel Verstrynge,BEL,APT,1,1,60
mens,Emil Dima,ROU,XYZ,1,1,100
mens,Emil Herzog,GER,RBH,1,1,40
mens,Emilien Jeannière,FRA,TEN,12,8,1200
mens,Emils Liepins,LAT,PQT,1,1,0
mens,Emmanuel Houcou,FRA,PQT,1,0,0
mens,Emmanuel Morin,FRA,XYZ,1,1,0
mens,Emry Faingezicht,ISR,ICA,1,0,0
mens,Eñaut Urkaregi,ESP,LTF,1,0,0
mens,Enea Sambinello,ITA,UAZ,1,0,0
mens,Enekoitz Azparren,ESP,XYZ,1,1,0
mens,Enric Mas Nicolau,ESP,MOV,10,14,595
mens,Enrico Zanoncello,ITA,BCS,1,1,10
mens,Enrique Maranchón,ESP,ICA,1,0,0
mens,Enzo Boulet,FRA,VVB,1,1,0
mens,Enzo Leijnse,NED,ACR,1,1,0
mens,Enzo Paleni,FRA,GFC,1,1,0
mens,Erazem Valjavec,SLO,SQD,1,0,0
mens,Eric Antonio Fagundez,URU,BBH,1,1,110
mens,Eric Igual,ESP,MOY,1,0,0
mens,Erik Fetter,HUN,TUS,1,1,0
mens,Erik Nordsaeter Resell,NOR,UXM,1,1,0
mens,Erlend Blikra,NOR,UXM,4,1,360
mens,Esteban Chaves,COL,ZZZ,1,1,0
mens,Esteban Foucher,FRA,CGF,1,0,0
mens,Ethan Batt,NZL,CDT,1,1,0
mens,Ethan Hayter,GBR,SOQ,6,3,575
mens,Ethan Vernon,GBR,NSN,4,2,390
mens,Eugenio Sánchez,ESP,VSC,1,1,0
mens,Evan Pavis,FRA,VDU,1,0,0
mens,Ewen Costiou,FRA,GFC,2,3,145
mens,Ezra Caudell,USA,MAP,1,0,0
mens,Fabian Lienhard,SUI,TUD,1,1,0
mens,Fabian Weiss,SUI,TUD,1,1,0
mens,Fabien Doubey,FRA,TEN,1,1,0
mens,Fabien Grellier,FRA,TEN,1,1,0
mens,Fabio Christen,SUI,PQT,6,4,555
mens,Fabio Duarte,COL,XYZ,1,1,0
mens,Fabio Jakobsen,NED,TPP,2,2,0
mens,Fabio Segatta,ITA,VLD,1,0,0
mens,Fabio Van den Bossche,BEL,SOQ,1,1,30
mens,Fabrizio Crozzolo,ARG,PTV,1,0,0
mens,Fausto Masnada,ITA,MBH,1,1,0
mens,Federico Biagini,ITA,BCS,1,1,0
mens,Federico Savino,ITA,SQD,1,0,0
mens,Felix Engelhardt,GER,JAY,3,1,260
mens,Felix Gall,AUT,DCT,12,16,890
mens,Felix Groß,GER,XYZ,1,1,0
mens,Felix Großschartner,AUT,UAD,5,2,450
mens,Felix James Meo,NZL,TFT,1,1,0
mens,Felix Ørn-Kristoff,NOR,LOI,1,0,0
mens,Fernando Barcelo,ESP,CJR,1,1,60
mens,Fernando Gaviria,COL,CJR,1,1,0
mens,Fernando Tercero,ESP,PTV,1,1,60
mens,Ferre Geeraerts,BEL,TFB,1,0,0
mens,Filip Gruszczynski,POL,MBH,1,0,0
mens,Filip Maciejuk,POL,MOV,1,1,100
mens,Filip Novák,CZE,MOY,1,0,0
mens,Filip Smørås,NOR,ICA,1,0,0
mens,Filippo Baroncini,ITA,UAD,2,4,180
mens,Filippo Cettolin,ITA,BCS,1,1,0
mens,Filippo Colombo,SUI,XYZ,1,1,0
mens,Filippo Conca,ITA,JAY,1,1,100
mens,Filippo Fiorelli,ITA,TVL,1,1,20
mens,Filippo Fortin,ITA,HAC,1,1,0
mens,Filippo Ganna,ITA,IGD,16,10,1483
mens,Filippo Magli,ITA,BCS,2,1,165
mens,Filippo Ridolfo,ITA,TNN,1,1,0
mens,Filippo Tagliani,ITA,CNM,1,1,0
mens,Filippo Turconi,ITA,BCS,1,1,0
mens,Filippo Zana,ITA,SOQ,2,4,140
mens,Finlay Pickering,GBR,JAY,1,1,40
mens,Finlay Tarling,GBR,ICA,1,0,0
mens,Finn Fisher-Black,NZL,RBH,1,2,5
mens,Finn O'Brien,GBR,DPP,1,0,0
mens,Fletcher Medway,AUS,IGA,1,0,0
mens,Florian Dauphin,FRA,TEN,1,1,0
mens,Florian Lipowitz,GER,RBH,14,8,1278
mens,Florian Samuel Kajamini,ITA,XAT,1,1,0
mens,Florian Senechal,FRA,APT,1,1,0
mens,Florian Stork,GER,TUD,1,1,100
mens,Florian Vermeersch,BEL,UAD,6,8,670
mens,Floris De Tier,BEL,XYZ,1,1,0
mens,Floris Van Tricht,BEL,NSN,1,0,0
mens,Fran Miholjevic,CRO,TBV,1,1,0
mens,Francesco Baruzzi,ITA,VLD,1,0,0
mens,Francesco Busatto,ITA,APT,2,3,115
mens,Francisco Campos,POR,ATF,1,1,0
mens,Francisco Galván,ESP,ZZZ,1,1,60
mens,Francisco Joel Peñuela,VEN,CJR,1,1,40
mens,Francisco Mancebo,ESP,PIT,1,1,0
mens,Francisco Muñoz,ESP,PTV,1,1,0
mens,Frank van den Broek,NED,TPP,2,2,110
mens,Franklin Archibold Castillo,PAN,TFT,1,0,0
mens,Fred Wright,GBR,PQT,6,2,725
mens,Frederico Figueiredo,POR,XYZ,1,1,0
mens,Frederik Frison,BEL,PQT,1,1,0
mens,Frederik Muff,DEN,XYZ,1,1,0
mens,Frederik Wandahl,DEN,RBH,1,1,140
mens,Fredrik Dversnes,NOR,UXM,3,4,210
mens,Frits Biesterbos,NED,TPP,1,0,0
mens,Gabin Gicquel,FRA,VDU,1,0,0
mens,Gabriele Bessega,ITA,PTV,1,0,0
mens,Gabriele Raccagni,ITA,PTV,1,1,0
mens,Gabriele Scagliola,ITA,LTF,1,0,0
mens,Gal Glivar,SLO,APT,1,1,0
mens,Gari Ugarte,ESP,EUS,1,0,0
mens,Gauthier Servranckx,BEL,SQD,1,0,0
mens,Gavin Hlady,USA,EFA,1,0,0
mens,Genji Iwamura,JPN,TFD,1,0,0
mens,Genki Yamamoto,JPN,KIN,1,1,0
mens,Geoffrey Bouchard,FRA,TEN,1,1,30
mens,Geoffrey Soupe,FRA,ZZZ,1,1,0
mens,Georg Steinhauser,GER,EFE,1,2,10
mens,Georg Zimmermann,GER,LOI,1,1,115
mens,George Bennett,NZL,NSN,1,3,30
mens,George Jackson,NZL,NZP,1,1,0
mens,Georgios Bouglas,GRE,BBH,1,1,100
mens,Geraint Thomas,GBR,ZZZ,1,4,0
mens,Gerben Kuypers,BEL,XYZ,1,1,0
mens,Gerben Thijssen,BEL,APT,3,8,195
mens,Germán Darío Gómez,COL,PTV,1,1,0
mens,German Nicolas Tivani,ISR,ALL,1,1,0
mens,Giacomo Nizzolo,ITA,ZZZ,1,1,130
mens,Giacomo Rosato,ITA,BVD,1,0,0
mens,Giacomo Serangeli,ITA,HBG,1,0,0
mens,Giacomo Villa,ITA,PTL,1,1,0
mens,Gianluca Brambilla,ITA,ZZZ,1,1,150
mens,Gianluca Pollefliet,BEL,DCT,1,1,0
mens,Gianmarco Garofoli,ITA,SOQ,2,1,115
mens,Gianni Marchand,BEL,TIS,1,1,0
mens,Gianni Moscon,ITA,RBH,1,1,0
mens,Gianni Vermeersch,BEL,RBH,4,4,390
mens,Gijs Leemreize,NED,TPP,1,1,0
mens,Gijs Schoonvelde,NED,RBC,1,0,0
mens,Gijs Van Hoecke,BEL,ZZZ,1,1,0
mens,Gil Gelders,BEL,SOQ,1,1,0
mens,Gilles De Wilde,BEL,XYZ,1,1,0
mens,Giosuè Epis,ITA,XYZ,1,1,0
mens,Giovanni Aleotti,ITA,RBH,1,3,95
mens,Giovanni Carboni,ITA,XYZ,1,1,115
mens,Giovanni Lonardi,ITA,PTV,3,1,295
mens,Giulio Ciccone,ITA,LTK,16,6,1428
mens,Giulio Pellizzari,ITA,RBH,12,4,1105
mens,Giuseppe Sciarra,ITA,TFD,1,0,0
mens,Gleb Syritsa,RUS,XAT,1,1,40
mens,Gonzalo Serrano,ESP,MOV,1,1,0
mens,Gorka Corres,ESP,CJR,1,0,0
mens,Gorka Sorarrain,ESP,CJR,1,1,10
mens,Gotzon Martin,ESP,EUS,1,1,0
mens,Gregor Mühlberger,AUT,DCT,1,2,75
mens,Guillaume Boivin,CAN,NSN,1,1,0
mens,Guillaume Martin,FRA,GFC,6,6,545
mens,Guillermo Thomas Silva,URU,XAT,4,3,330
mens,Gustav Wang,DEN,AQD,1,0,0
mens,Gustave Blanc,FRA,RBC,1,0,0
mens,Guus van den Eijnden,NED,APD,1,0,0
mens,Haimar Etxeberria,ESP,RBH,3,1,275
mens,Halvor Dolven,NOR,LWD,1,0,0
mens,Hamish Armitt,GBR,TNN,1,1,0
mens,Hamish Beadle,NZL,TNN,1,1,0
mens,Hamish McKenzie,AUS,JAY,1,1,0
mens,Hannes Wilksch,GER,TUD,1,1,0
mens,Haoyu Su,CHN,XAT,1,1,0
mens,Harm Vanhoucke,BEL,PQT,1,3,15
mens,Harold Martin López,ECU,XAT,4,1,345
mens,Harold Tejada,COL,XAT,3,1,360
mens,Harrison Sweeny,AUS,EFE,1,1,0
mens,Harrison Wood,GBR,CDF,1,1,0
mens,Harry Hudson,GBR,LTF,1,0,0
mens,Harry Lasker,USA,MAP,1,0,0
mens,Harry Tanfield,GBR,XYZ,1,1,0
mens,Hartthijs De Vries,NED,URR,1,1,30
mens,Hayden Stevens,AUS,TND,1,0,0
mens,Héctor Álvarez,ESP,LTF,1,0,0
mens,Heimo Fugger,AUT,UAZ,1,0,0
mens,Henok Mulubrhan,ERI,XAT,1,1,0
mens,Henri Uhlig,GER,APT,1,1,80
mens,Henri Vandenabeele,BEL,TFB,1,1,0
mens,Henri-François Renard-Haquin,FRA,TPP,1,1,0
mens,Henrik Pedersen,DEN,UXM,1,1,0
mens,Henrique Bravo,BRA,SQD,1,0,0
mens,Henry Hobbs,GBR,VLD,1,0,0
mens,Hermann Pernsteiner,AUT,XYZ,1,1,0
mens,Hodei Muñoz,ESP,SQD,1,0,0
mens,Hugh Carthy,GBR,XYZ,1,1,0
mens,Hugh Harvey,AUS,XYZ,1,1,0
mens,Hugo Aznar Vijuesca,ESP,EKP,1,1,0
mens,Hugo Boucher,FRA,IGA,1,0,0
mens,Hugo de la Calle,ESP,BBH,1,1,40
mens,Hugo Hofstetter,FRA,NSN,8,3,755
mens,Hugo Houle,CAN,APT,1,1,40
mens,Hugo Page,FRA,COF,2,2,160
mens,Hugo Scala Jr,USA,MAP,1,0,0
mens,Hugo Toumire,FRA,ZZZ,1,1,0
mens,Huub Artz,NED,LOI,1,1,70
mens,Ian Kings,GER,VLD,1,0,0
mens,Ian López,USA,MAP,1,0,0
mens,Ibai Azanza,ESP,EKP,1,1,0
mens,Ibai Villate,ESP,MOY,1,0,0
mens,Ibon Ruiz,ESP,EKP,1,1,0
mens,Ide Schelling,NED,ZZZ,1,1,0
mens,Igor Arrieta,ESP,UAD,3,1,285
mens,Igor Chzhan,KAZ,QPT,1,1,0
mens,Iker Bonillo,ESP,BOA,1,1,0
mens,Iker Gómez,ESP,EKP,1,0,0
mens,Iker Mintegui,ESP,EUS,1,1,0
mens,Iker Villar,ESP,CJR,1,0,0
mens,Ilan Van Wilder,BEL,SOQ,8,8,655
mens,Iñigo Elosegui,ESP,EKP,1,1,0
mens,Ion Izagirre,ESP,COF,4,6,280
mens,Isaac Del Toro,MEX,UAD,40,8,4285
mens,Itamar Einhorn,ISR,NSN,1,1,160
mens,Iúri Leitão,POR,CJR,1,1,0
mens,Iván Cobo,ESP,EKP,1,1,175
mens,Ivan Garcia Cortina,ESP,MOV,2,1,160
mens,Ivan Ramiro Sosa,COL,EKP,1,1,50
mens,Iván Romeo,ESP,MOV,3,1,256
mens,Ivan Smirnov,RUS,XYZ,1,1,0
mens,Iver Johan Knotten,NOR,XYZ,1,1,0
mens,Ivo Oliveira,POR,UAD,2,1,250
mens,Jaakko Hänninen,FIN,NMC,1,1,0
mens,Jack Haig,AUS,IGD,1,1,0
mens,Jack Makohon,USA,EFA,1,0,0
mens,Jack Rootkin-Gray,GBR,SWT,1,1,0
mens,Jack Ward,AUS,LTF,1,0,0
mens,Jackson Medway,AUS,TUU,1,0,0
mens,Jacob Ahlsson,SWE,MSA,1,1,0
mens,Jacob Bush,GBR,DPP,1,0,0
mens,Jacob Eriksson,SWE,TUD,1,1,0
mens,Jacopo Colladon,ITA,TNN,1,1,0
mens,Jacopo Mosca,ITA,LTK,1,1,0
mens,Jai Hindley,AUS,RBH,8,6,680
mens,Jaime Torres,ESP,UAZ,1,0,0
mens,Jake Stewart,GBR,NSN,1,1,110
mens,Jakob Egholm,DEN,XYZ,1,1,0
mens,Jakob Fuglsang,DEN,ZZZ,1,1,0
mens,Jakob Omrzel,SLO,TBV,2,0,0
mens,Jakob Söderqvist,SWE,LTK,8,1,635
mens,Jakub Kaczmarek,POL,VOS,1,1,0
mens,Jakub Mareczko,ITA,ZZZ,1,1,0
mens,Jakub Otruba,CZE,CJR,1,1,0
mens,Jambaljamts Sainbayar,MGL,BBH,1,1,100
mens,James Fouché,NZL,NZP,1,1,0
mens,James Knox,GBR,TPP,1,1,30
mens,James Shaw,GBR,EFE,1,1,50
mens,Jamie Meehan,IRE,COF,1,0,10
mens,Jan Castellon,ESP,CJR,2,1,130
mens,Jan Christen,SUI,UAD,8,8,673
mens,Jan Hirt,CZE,NSN,1,2,0
mens,Jan Huber,SUI,TUU,1,0,0
mens,Jan Maas,NED,COF,1,1,0
mens,Jan Michal Jackowiak,POL,BVD,1,0,0
mens,Jan Stöckli,SUI,TUU,1,1,0
mens,Jan Tratnik,SLO,RBH,1,4,0
mens,Jan-Willem van Schip,NED,PHV,1,1,0
mens,Jannik Steimle,GER,ZZZ,1,1,0
mens,Jannis Peter,GER,URR,1,1,55
mens,Jardi Christiaan van der Lee,NED,EFE,1,1,0
mens,Jarne Van de Paar,BEL,XYZ,1,2,0
mens,Jarno Widar,BEL,LOI,3,1,20
mens,Jarrad Drizners,AUS,RBH,1,1,0
mens,Jasha Sütterlin,GER,JAY,1,1,0
mens,Jason Tesson,FRA,TEN,2,4,170
mens,Jasper De Buyst,BEL,LOI,1,1,0
mens,Jasper Dejaegher,BEL,XYZ,1,1,0
mens,Jasper Haest,NED,ZZZ,1,1,0
mens,Jasper Philipsen,BEL,APT,24,34,1770
mens,Jasper Schoofs,BEL,SQD,1,0,0
mens,Jasper Stuyven,BEL,SOQ,5,6,515
mens,Jasper Verbrugge,BEL,HBG,1,0,0
mens,Jaume Guardeño,ESP,CJR,2,1,105
mens,Javier Cubillas,ESP,MOY,1,0,0
mens,Javier Ibañez,ESP,CJR,1,1,0
mens,Javier Romo,ESP,MOV,3,1,240
mens,Javier Serrano,ESP,PTV,1,1,0
mens,Jay Vine,AUS,UAD,14,6,1450
mens,Jean-Louis Le Ny,FRA,VCR,1,1,0
mens,Jed Smithson,GBR,HBG,1,0,0
mens,Jeffe Beets,BEL,TND,1,0,0
mens,Jefferson Alexander Cepeda,ECU,EFE,1,2,40
mens,Jefferson Alveiro Cepeda,ECU,MOV,2,6,0
mens,Jelle Johannink,NED,URR,1,1,0
mens,Jelle Vermoote,BEL,TIS,1,1,0
mens,Jelte Krijnsen,NED,JAY,1,3,0
mens,Jenno Berckmoes,BEL,LOI,4,5,370
mens,Jens Reynders,BEL,XYZ,1,1,0
mens,Jens Verbrugghe,BEL,ICA,1,0,0
mens,Jensen Plowright,AUS,APT,1,1,95
mens,Jente Michels,BEL,APD,1,0,0
mens,Jenthe Biermans,BEL,COF,3,6,315
mens,Jenthe Verstraete,BEL,EFA,1,0,0
mens,Jérémy Lecroq,FRA,AUB,1,1,0
mens,Jesper Rasch,NED,CAT,1,1,15
mens,Jesper Stiansen,NOR,TUU,1,0,0
mens,Jesús David Peña,COL,EFP,1,1,0
mens,Jesus Del Pino,ESP,ALL,1,1,0
mens,Jesus Herrada,ESP,BBH,1,1,170
mens,Jhojan Garcia,COL,XYZ,1,1,0
mens,Jhonatan Narvaez,ECU,UAD,5,5,545
mens,Jhonatan Restrepo,COL,XYZ,1,1,0
mens,Jimmy Janssens,BEL,ZZZ,1,1,0
mens,Joan Bou,ITA,CJR,1,1,0
mens,Joann Rolando,ITA,TFD,1,1,0
mens,João Almeida,POR,UAD,24,12,2292
mens,Joaquim Silva,POR,EFP,1,1,0
mens,Jocelyn Baguelin,FRA,Wagner - Bazin,1,1,0
mens,Joel Nicolau,ESP,CJR,1,1,130
mens,Joël Suter,SUI,TUD,1,1,0
mens,Joeri Schaper,NED,SQD,1,0,0
mens,Johan Blanc,FRA,CGF,1,0,0
mens,Johan Chardon,FRA,VDU,1,0,0
mens,Johan Dorussen,NED,MET,1,1,0
mens,Johan Eltoft,DEN,TUU,1,0,0
mens,Johan Jacobs,SUI,GFC,1,1,60
mens,Johan Meens,BEL,Wagner - Bazin,1,1,0
mens,Johan Price-Pejtersen,DEN,APT,1,1,10
mens,Johannes Adamietz,GER,RRN,1,1,0
mens,Johannes Kulset,NOR,UXM,4,1,335
mens,Johannes Staune-Mittet,NOR,DCT,1,1,100
mens,John Degenkolb,GER,TPP,1,1,60
mens,Jokin Murguialday,ESP,EUS,1,1,0
mens,Jon Aberasturi,ESP,XYZ,1,1,10
mens,Jon Agirre,ESP,EUS,1,1,0
mens,Jon Barrenetxea,ESP,MOV,2,1,225
mens,Jonas Abrahamsen,NOR,UXM,6,6,600
mens,Jonas Geens,BEL,APT,1,1,30
mens,Jonas Gregaard,DEN,ZZZ,1,1,0
mens,Jonas Iversby Hvideberg,NOR,UXM,1,1,0
mens,Jonas Kind Høydahl,NOR,VLD,1,0,0
mens,Jonas Koch,GER,ZZZ,1,1,0
mens,Jonas Rickaert,BEL,APT,1,1,0
mens,Jonas Rutsch,GER,LOI,2,1,205
mens,Jonas Vingegaard,DEN,TVL,26,28,2669
mens,Jonathan Castroviejo,ESP,ZZZ,1,1,0
mens,Jonathan Guatibonza,COL,MOY,1,0,0
mens,Jonathan Klever Caicedo,ECU,XYZ,1,1,0
mens,Jonathan Lastra,ESP,EUS,1,1,0
mens,Jonathan Milan,ITA,LTK,16,18,1456
mens,Jonathan Vervenne,BEL,SOQ,1,0,0
mens,Joran Wyseure,BEL,APD,1,0,0
mens,Jordan Jegat,FRA,TEN,4,4,375
mens,Jordan Labrosse,FRA,DCT,1,1,35
mens,Jordi López,ESP,EUS,1,1,0
mens,Jordi Meeus,BEL,RBH,12,10,1075
mens,Jordi Warlop,BEL,ZZZ,1,1,0
mens,Jordy Bouts,BEL,XYZ,1,1,0
mens,Joren Bloem,NED,URR,1,1,0
mens,Jorge Arcas,ESP,MOV,1,1,0
mens,Jorge Gutiérrez,ESP,EKP,1,1,10
mens,Jørgen Nordhagen,NOR,TVL,4,1,240
mens,Joris Delbove,BEL,TEN,2,1,210
mens,José Félix Parra,ESP,CJR,1,1,130
mens,Jose Luis Faura,ESP,BBH,1,1,0
mens,Jose Manuel Diaz Gallego,ESP,BBH,2,1,150
mens,José María Martín,ESP,EKP,1,0,0
mens,Jose Said Cisneros,MEX,SQD,1,0,0
mens,Jose Vicente Toribio,ESP,XYZ,1,1,0
mens,Joseba López,ESP,CJR,1,1,0
mens,Josef Cerny,CZE,KCR,1,1,0
mens,Joseph Blackmore,GBR,NSN,1,3,60
mens,Joseph Pidcock,GBR,PQT,1,1,0
mens,Josh Burnett,NZL,BBH,1,1,0
mens,Josh Charlton,GBR,IGA,1,1,0
mens,Joshua Giddings,GBR,LOI,1,1,0
mens,Joshua Golliker,GBR,EFA,1,0,0
mens,Joshua Huppertz,GER,LKH,1,1,0
mens,Joshua Kench,NZL,GFC,1,1,0
mens,Joshua Tarling,GBR,IGD,6,8,455
mens,Juan Ayuso,ESP,LTK,24,20,2074
mens,Juan David Sierra,ITA,TUU,1,0,0
mens,Juan Diego Alba,COL,TNC,1,1,0
mens,Juan Felipe Rodriguez,COL,EFA,1,0,0
mens,Juan Guillermo Martinez,COL,TPP,1,1,50
mens,Juan José López,ESP,TNN,1,0,0
mens,Juan Pedro López,ESP,MOV,1,2,115
mens,Juan Sebastian Molano,COL,UAD,4,2,390
mens,Julen Amezqueta,ESP,XYZ,1,1,0
mens,Julen Arriola-Bengoa,ESP,CJR,1,1,0
mens,Jules Hesters,BEL,TFB,1,1,30
mens,Julian Alaphilippe,FRA,TUD,8,8,730
mens,Julien Bernard,FRA,LTK,1,1,68
mens,Julien Trarieux,FRA,XYZ,1,1,0
mens,Julien Vermote,BEL,XYZ,1,1,0
mens,Julius Johansen,DEN,UAD,1,1,15
mens,Julius Van Den Berg,NED,TPP,1,1,30
mens,Jurgen Zomermaand,NED,DPP,1,0,0
mens,Juri Hollman,GER,XYZ,1,1,0
mens,Kaden Groves,AUS,APT,6,8,590
mens,Kamiel Bonneu,BEL,TFT,1,1,100
mens,Kamiel Eeman,BEL,LWD,1,0,0
mens,Kamil Gradek,POL,TBV,1,1,0
mens,Kamil Malecki,POL,PQT,1,1,0
mens,Karl Patrick Lauk,EST,XYZ,1,1,0
mens,Karl Sagnier,FRA,CGF,1,0,0
mens,Karsten Feldmann,NOR,URR,1,0,0
mens,Kasper Asgreen,DEN,EFE,4,6,100
mens,Kasper Borremans,,BVD,1,1,0
mens,Kasper Haugland,NOR,DCD,1,0,0
mens,Keegan Swirbul,USA,EFP,1,1,0
mens,Keije Solen,NED,LWD,1,0,0
mens,Kelland O'Brien,AUS,JAY,1,1,6
mens,Kenneth Van Rooy,BEL,XYZ,1,1,0
mens,Kenny Molly,BEL,VRR,1,1,0
mens,Kevin Colleoni,ITA,XYZ,1,1,0
mens,Kevin Geniets,LUX,GFC,1,1,0
mens,Kevin Inkelaar,NED,XYZ,1,1,0
mens,Kevin Rivera,CRC,XYZ,1,1,0
mens,Kévin Vauquelin,FRA,IGD,12,5,1173
mens,Kevin Vermaerke,USA,UAD,3,8,60
mens,Kiaan Watts,NZL,ICA,1,0,0
mens,Kieran Gordge,RSA,HBG,1,0,0
mens,Kieran Haug,USA,MAP,1,0,0
mens,Killian Verschuren,FRA,URR,1,1,0
mens,Kim Heiduk,GER,IGD,1,1,40
mens,Ko Molenaar,NED,DPP,1,0,0
mens,Kobe Goossens,BEL,ZZZ,1,1,0
mens,Koen Bouwman,NED,JAY,1,2,0
mens,Koki Kamada,JPN,TFD,1,0,0
mens,Koshi Narita,JPN,TFD,1,0,0
mens,Kristian Egholm,DEN,LTF,1,0,0
mens,Kristian Sbaragli,ITA,ZZZ,1,1,0
mens,Krists Neilands,LAT,NSN,1,1,15
mens,Kyrylo Tsarenko,UKR,XYZ,1,1,60
mens,Lander Loockx,BEL,URR,1,1,100
mens,Larry Warbasse,USA,TUD,1,1,0
mens,Lars Boven,NED,ZZZ,1,1,0
mens,Lars Craps,BEL,LOI,1,1,15
mens,Lars van den Berg,NED,ZZZ,1,1,0
mens,Lars Vanden Heede,BEL,SQD,1,0,0
mens,Laurence Pithie,NZL,RBH,5,6,90
mens,Laurens De Plus,BEL,IGD,2,2,145
mens,Laurens Huys,BEL,NMC,1,1,0
mens,Laurens Sweeck,BEL,APD,1,1,0
mens,Laurenz Rex,BEL,SOQ,4,5,350
mens,Leander De Gendt,BEL,BVD,1,0,0
mens,Leander Van Hautegem,BEL,TFB,1,1,0
mens,Léandre Lozouet,FRA,CIC,1,1,0
mens,Lennard Kämna,GER,LTK,1,1,120
mens,Lennart Jasch,GER,TUU,1,0,0
mens,Lennert Belmans,BEL,APT,1,0,0
mens,Lennert Teugels,BEL,TIS,1,1,0
mens,Lennert Van Eetvelt,BEL,LOI,6,12,235
mens,Lennes Jacobs,BEL,DPP,1,0,0
mens,Lenny Martinez,FRA,TBV,14,12,1251
mens,Léo Bisiaux,FRA,DCT,5,1,367
mens,Leo Hayter,GBR,MAP,1,1,0
mens,Leonardo Buti,ITA,TFD,1,0,0
mens,Leonardo Consolidani,ITA,BVD,1,0,0
mens,Lev Gon ov,RUS,XAT,1,0,0
mens,Lewis Askey,GBR,NSN,8,1,735
mens,Lewis Bower,NZL,GFC,1,0,0
mens,Liam O'Brien,IRL,LTF,1,0,0
mens,Liam Slock,BEL,LOI,1,1,0
mens,Liam Van Bylen,BEL,DCD,1,0,0
mens,Lindsay de Vylder,BEL,APT,1,1,0
mens,Linus Larsson,SWE,EFA,1,0,0
mens,Lionel Taminiaux,BEL,LOI,2,6,0
mens,Loe van Belle,NED,TVL,1,1,0
mens,Logan Currie,NZL,XYZ,1,1,15
mens,Logan Phippen,USA,XYZ,1,1,0
mens,Loic Vliegen,BEL,ZZZ,1,1,0
mens,Lorenz Van de Wynkele,BEL,LWD,1,1,0
mens,Lorenzo Conforti,ITA,BCS,1,1,0
mens,Lorenzo Finn,ITA,RBC,2,0,0
mens,Lorenzo Fortunato,ITA,XAT,10,5,1020
mens,Lorenzo Germani,ITA,GFC,1,1,80
mens,Lorenzo Manzin,FRA,TEN,1,1,0
mens,Lorenzo Masciarelli,ITA,MBH,1,0,0
mens,Lorenzo Milesi,ITA,MOV,2,1,205
mens,Lorenzo Nespoli,ITA,MBH,1,0,0
mens,Lorenzo Quartucci,ITA,BBH,1,1,0
mens,Lorenzo Rota,ITA,LOI,1,3,0
mens,Louic Boussemaere,BEL,DCD,1,0,0
mens,Louis Barré,FRA,TVL,5,1,440
mens,Louis Blouwe,BEL,ZZZ,1,1,0
mens,Louis Chaleil,FRA,DCD,1,0,0
mens,Louis Leidert,GER,LTF,1,0,0
mens,Louis Marie Posnic,FRA,TNN,1,0,0
mens,Louis Meintjes,RSA,ZZZ,1,1,120
mens,Louis Rouland,FRA,COF,1,1,90
mens,Louis Sutton,GBR,EUS,1,1,0
mens,Louis Vervaeke,BEL,SOQ,1,1,30
mens,Louka Matthys,BEL,XYZ,1,1,0
mens,Luc Royer,FRA,SQD,1,0,0
mens,Luc Wirtgen,BEL,TUD,1,1,0
mens,Luca Colnaghi,ITA,BCS,1,1,0
mens,Luca Covili,ITA,BCS,1,1,40
mens,Luca Cretti,ITA,MBH,1,0,0
mens,Luca De Meester,BEL,ZZZ,1,1,0
mens,Luca Giaimi,ITA,UAZ,1,0,0
mens,Luca Mozzato,ITA,TUD,3,6,250
mens,Luca Paletti,ITA,BCS,1,1,0
mens,Luca Sacher,SUI,TND,1,0,0
mens,Luca Van Boven,BEL,LOI,1,1,80
mens,Luca Vergallito,ITA,APT,1,1,0
mens,Luca Verrando,ITA,TFT,1,1,0
mens,Lucas Boniface,FRA,XYZ,1,1,30
mens,Lucas Dauge,FRA,TNN,1,1,0
mens,Lucas De Rossi,FRA,CAT,1,1,0
mens,Lucas Eriksson,SWE,XYZ,1,1,20
mens,Lucas Hamilton,AUS,IGD,1,1,0
mens,Lucas Jackson,GBR,MOY,1,0,0
mens,Lucas Lusinchi,FRA,TND,1,0,0
mens,Lucas Menanteau,FRA,VDU,1,0,0
mens,Lucas Terrier,FRA,TNN,1,0,0
mens,Lucas Towers,GBR,MAP,1,0,0
mens,Lucas Van Gils,BEL,LWD,1,0,0
mens,Ludovic Robeet,BEL,COF,1,1,0
mens,Ludovico Crescioli,ITA,PTV,1,1,30
mens,Ludovico Mellano,ITA,AQD,1,0,0
mens,Luis-Joe Lührs,GER,ZZZ,1,1,0
mens,Luka Mezgec,SLO,JAY,1,1,0
mens,Lukáš Kubiš,SVK,URR,14,1,1215
mens,Lukas Nerurkar,GBR,EFE,2,3,90
mens,Lukasz Owsian,POL,XYZ,1,1,0
mens,Luke Durbridge,AUS,JAY,1,1,0
mens,Luke Lamperti,USA,EFE,5,6,355
mens,Luke Mudgway,NZL,LNS,1,1,0
mens,Luke Plapp,AUS,JAY,5,2,410
mens,Luke Tuckwell,AUS,RBH,1,0,0
mens,Madis Mihkels,EST,EFE,5,5,400
mens,Mads Pedersen,DEN,LTK,32,20,3223
mens,Mads Würtz Schmidt,DEN,XYZ,1,1,0
mens,Mael Guegan,FRA,CIC,1,1,0
mens,Magnus Bak Klaris,DEN,GSH,1,1,0
mens,Magnus Carstensen,DEN,EFA,1,0,0
mens,Magnus Cort Nielsen,DEN,UXM,5,6,520
mens,Magnus Kulset,NOR,RSK,1,1,0
mens,Magnus Sheffield,USA,IGD,6,8,418
mens,Maikel Zijlaard,NED,TUD,1,1,55
mens,Manlio Moro,ITA,MOV,1,1,0
mens,Mansur Beisembay,KAZ,AQD,1,0,0
mens,Manuel Peñalver,ESP,PTV,1,1,80
mens,Manuele Tarozzi,ITA,BCS,1,1,60
mens,Marc Brustenga,ESP,EKP,1,1,0
mens,Marc Hirschi,SUI,TUD,16,26,830
mens,Marc Soler,ESP,UAD,3,4,270
mens,Marc Zafra,BEL,SQD,1,0,0
mens,Marcel Camprubi,ESP,PQT,1,1,0
mens,Marceli Boguslawski,POL,ATT,1,1,0
mens,Marcin Budziński,POL,MBH,1,0,0
mens,Marco Brenner,GER,TUD,3,4,200
mens,Marco Frigo,ITA,NSN,4,1,358
mens,Marco Grittner,GER,TND,1,0,0
mens,Marco Haller,AUT,TUD,1,2,140
mens,Marco Manenti,ITA,BCS,1,0,0
mens,Marco Schrettl,AUT,XAT,1,0,0
mens,Marco Tizza,ITA,XYZ,1,1,0
mens,Marcos Freire,ESP,UAZ,1,0,0
mens,Marcus Sander Hansen,DEN,BPC,1,1,0
mens,Marijn van den Berg,NED,EFE,3,6,285
mens,Marino Kobayashi,JPN,ZZZ,1,1,0
mens,Mario Aparicio,ESP,BBH,1,1,50
mens,Marius Innhaug Dahl,NOR,DCD,1,0,0
mens,Marius Mayrhofer,GER,TUD,1,1,140
mens,Mark Donovan,GBR,PQT,2,1,255
mens,Mark Stewart,GBR,MAP,1,1,0
mens,Márk Valent,HUN,MBH,1,0,0
mens,Markel Aranaz,ESP,MOY,1,0,0
mens,Markel Beloki,ESP,EFE,1,1,0
mens,Markus Hoelgaard,NOR,UXM,4,5,380
mens,Martijn Budding,NED,ZZZ,1,1,0
mens,Martijn Rasenberg,NED,URR,1,0,0
mens,Martijn Tusveld,NED,ZZZ,1,1,0
mens,Martin Laas,EST,ZZZ,1,1,25
mens,Martin Marcellusi,ITA,BCS,1,2,0
mens,Martin Pedersen,DEN,LTF,1,0,0
mens,Martín Rey,ESP,BBH,1,0,0
mens,Martin Santiago Herreño,COL,BCS,1,1,0
mens,Martin Svrček,SVK,SOQ,1,1,0
mens,Martin Tjøtta,NOR,UXM,1,1,55
mens,Martin Toft Madsen,DEN,BPC,1,1,0
mens,Martin Urianstad,NOR,UXM,1,1,0
mens,Márton Dina,HUN,MBH,1,1,100
mens,Mason Hollyman,GBR,ZZZ,1,1,0
mens,Matar Peretz,ISR,ICA,1,0,0
mens,Matej Mohorič,SLO,TBV,5,10,170
mens,Matěj Piták,CZE,VLD,1,0,0
mens,Mateo Ramírez,ECU,UAZ,1,0,0
mens,Mateusz Gajdulewicz,POL,ATT,1,1,15
mens,Matevz Govekar,SLO,TBV,1,1,0
mens,Mathéo Barusseau,FRA,VDU,1,0,0
mens,Mathias Bregnhøj,DEN,TSG,1,1,0
mens,Mathias De Keersmaeker,BEL,LWD,1,0,0
mens,Mathias Guillemette,CAN,TUU,1,0,0
mens,Mathias Norsgaard,DEN,LTK,1,1,0
mens,Mathias Vacek,CZE,LTK,8,8,700
mens,Mathieu Burgaudeau,FRA,TEN,1,2,60
mens,Mathieu Kockelmann,LUX,LOI,1,0,0
mens,Mathieu van der Poel,NED,APT,22,24,2095
mens,Mathijs De Clercq,BEL,SQD,1,0,0
mens,Mathijs Paasschens,NED,TBV,1,1,0
mens,Mathis Le Berre,FRA,TEN,1,1,15
mens,Mathys Rondel,FRA,TUD,3,1,285
mens,Matijs Van Strijthem,BEL,SQD,1,0,0
mens,Matis Louvel,FRA,NSN,1,1,80
mens,Matisse Van Kerchhove,BEL,VLD,1,0,0
mens,Mats Vanden Eynde,BEL,LTF,1,0,0
mens,Mats Wenzel,LUX,EKP,1,1,50
mens,Matteo Ambrosini,ITA,MBH,1,0,0
mens,Matteo Badilatti,SUI,PQT,1,1,0
mens,Matteo Fabbro,ITA,TFT,1,1,30
mens,Matteo Jorgenson,USA,TVL,14,16,967
mens,Matteo Malucelli,ITA,XAT,4,1,435
mens,Matteo Milan,ITA,GFC,1,0,0
mens,Matteo Moschetti,ITA,PQT,6,2,725
mens,Matteo Regnanti,ITA,TFT,1,0,0
mens,Matteo Scalco,ITA,AQD,1,1,0
mens,Matteo Sobrero,ITA,LTK,3,1,276
mens,Matteo Trentin,ITA,TUD,6,6,780
mens,Matteo Turconi,ITA,BCS,1,0,0
mens,Matteo Vanden Wijngaert,BEL,UAZ,1,0,0
mens,Matteo Vanhuffel,BEL,DPP,1,0,0
mens,Matteo Vercher,FRA,TEN,2,1,220
mens,Matthew Brennan,GBR,TVL,14,1,1438
mens,Matthew Dinham,AUS,TPP,1,1,0
mens,Matthew Dodd,GBR,IGA,1,0,0
mens,Matthew Fox,AUS,LOI,1,0,0
mens,Matthew Peace,GBR,DPP,1,0,0
mens,Matthew Riccitello,USA,DCT,8,2,635
mens,Matthew Walls,GBR,XYZ,1,1,30
mens,Matthias Schwarzbacher,,EFE,1,1,100
mens,Mattia Agostinacchio,ITA,EFE,1,0,0
mens,Mattia Bais,ITA,PTV,1,1,0
mens,Mattia Cattaneo,ITA,RBH,2,2,148
mens,Mattia Gaffuri,ITA,TPP,1,0,0
mens,Mattia Negrente,ITA,AQD,1,0,0
mens,Mattia Pinazzi,ITA,BCS,1,1,0
mens,Mattia Proietti Gagliardoni,ITA,MOY,1,0,0
mens,Mattia Sambinello,ITA,HBG,1,0,0
mens,Mattia Stenico,ITA,BCS,1,1,0
mens,Mattias Skjelmose,DEN,LTK,16,18,1425
mens,Matyáš Kopecký,CZE,URR,1,1,105
mens,Matys Grisel,FRA,LOI,1,0,0
mens,Mauri Vansevenant,BEL,SOQ,2,6,0
mens,Maurice Ballerstedt,GER,APT,1,1,0
mens,Mauricio Moreira,URU,EFP,1,1,0
mens,Mauro Cuylits,BEL,LWD,1,0,0
mens,Mauro Schmid,SUI,JAY,6,4,584
mens,Max Bock,GER,RBC,1,0,0
mens,Max Goold,AUS,ICA,1,0,0
mens,Max Hinds,GBR,IGA,1,0,0
mens,Max Kanter,GER,XAT,6,3,620
mens,Max Poole,GBR,TPP,5,6,210
mens,Max Standen,GBR,IGA,1,0,0
mens,Max van der Meulen,NED,TBV,1,1,0
mens,Max Walker,GBR,EFE,1,1,0
mens,Maxim Van Gils,BEL,RBH,10,16,290
mens,Maxime Decomble,FRA,GFC,2,0,0
mens,Maxime Jarnet,FRA,VRR,1,1,0
mens,Maxime Meynard,FRA,VDU,1,0,0
mens,Maximilian Cushway,FRA,CGF,1,0,0
mens,Maximilian Schachmann,GER,SOQ,4,4,368
mens,Maximilian Walscheid,GER,LTK,1,4,56
mens,Mees Vlot,NED,DPP,1,0,0
mens,Mehmet Şampiyonbisiklet,TUR,UNI,1,1,0
mens,Menno Huising,NED,TVL,1,1,0
mens,Merhawi Kudus Ghebremedhin,ERI,BBH,1,1,0
mens,Michael Boros,CZE,KCR,1,1,0
mens,Michael Gogl,AUT,APT,1,1,0
mens,Michael Hepburn,AUS,ZZZ,1,1,6
mens,Michael Kukrle,CZE,KCR,1,1,0
mens,Michael Leonard,CAN,EFE,2,1,180
mens,Michael Matthews,AUS,JAY,14,8,1321
mens,Michael Schwarzmann,GER,XYZ,1,1,0
mens,Michael Storer,AUS,TUD,14,8,1415
mens,Michael Valgren,DEN,EFE,1,1,90
mens,Michael Vink,NZL,XYZ,1,1,0
mens,Michael Woods,CAN,ZZZ,1,6,15
mens,Michal Kwiatkowski,POL,IGD,1,1,113
mens,Michal Schlegel,CZE,XYZ,1,1,0
mens,Michel Hessman,GER,MOV,1,1,0
mens,Michel Ries,LUX,ZZZ,1,1,0
mens,Michele Gazzoli,ITA,TFT,1,1,0
mens,Michele Pascarella,ITA,TFD,1,0,0
mens,Michiel Lambrecht,BEL,TFB,1,1,0
mens,Michiel Mouris,NED,RBC,1,0,0
mens,Mick Van Dijke,NED,RBH,1,1,38
mens,Miguel Angel Fernandez,ESP,XYZ,1,1,0
mens,Miguel Ángel Marín,COL,EFA,1,0,0
mens,Miguel Eduardo Florez,COL,XYZ,1,1,0
mens,Miguel Heidemann,GER,RRN,1,1,35
mens,Mihajlo  Stolić,SRB,BVD,1,0,0
mens,Mihkel Raim,EST,QPT,1,1,0
mens,Mika Heming,GER,ATT,1,1,0
mens,Mikal Grimstad Uglehus,NOR,VLD,1,0,0
mens,Mike Teunissen,NED,XAT,5,6,495
mens,Mikel Bizkarra,ESP,EUS,1,1,0
mens,Mikel Landa,ESP,SOQ,8,8,420
mens,Mikel Retegi,ESP,EKP,1,1,0
mens,Mikhail Podluzhnyy,KAZ,AQD,1,0,0
mens,Mikita Babovich,BLR,BVD,1,0,0
mens,Mikkel Frølich Honoré,DEN,EFE,3,1,280
mens,Mikkel Norsgaard Bjerg,DEN,UAD,2,6,75
mens,Miko Pirinen,FIN,ICA,1,0,0
mens,Milan De Ceuster,BEL,DPP,1,0,0
mens,Milan Donie,BEL,LWD,1,0,0
mens,Milan Fretin,BEL,COF,10,6,900
mens,Milan Lanhove,BEL,TFB,1,1,40
mens,Milan Menten,BEL,LOI,5,4,440
mens,Milan Vader,NED,PQT,1,1,0
mens,Milan Van den Haute,BEL,TFB,1,0,0
mens,Miles Scotson,AUS,ZZZ,1,1,0
mens,Milkias Maekele,ERI,IGA,1,0,0
mens,Mirco Damiano,ITA,TFD,1,0,0
mens,Mirco Maestri,ITA,PTV,1,1,80
mens,Mitchel Fitzsimons,NZL,STG,1,1,0
mens,Mohammad Almutaiwei,UAE,UAZ,1,0,0
mens,Moritz Kretschy,GER,ICA,1,0,0
mens,Moritz Mauss,GER,UAZ,1,0,0
mens,Morne Van Niekerk,RSA,AUB,1,1,0
mens,Nadav Raisberg,ISR,NSN,1,1,0
mens,Nairo Quintana,COL,MOV,1,1,0
mens,Nans Peters,FRA,ZZZ,1,1,10
mens,Nariyuki Masuda,JPN,ABZ,1,1,0
mens,Nate Pringle,NZL,DCD,1,0,0
mens,Nathan Cusack,USA,EFA,1,0,0
mens,Nathan Earle,AUS,ZZZ,1,1,0
mens,Nathan Smith,GBR,TNN,1,1,0
mens,Nathan Vandepitte,FRA,XYZ,1,1,0
mens,Natnael Berhane,ERI,IST,1,1,0
mens,Natnael Tesfatsion,ERI,MOV,2,2,240
mens,Negasi Haylu Abreha,ETH,IPD,1,1,100
mens,Neilson Powless,USA,EFE,12,10,1260
mens,Nelson Oliveira,POR,MOV,1,2,0
mens,Niccolò Iacchi,ITA,TFD,1,0,0
mens,Nicholas Schultz,AUS,NSN,1,1,0
mens,Nicklas Amdi Pedersen,DEN,ZZZ,1,1,0
mens,Nickolas Zukowsky,CAN,PQT,1,1,0
mens,Nico Denz,GER,RBH,2,1,205
mens,Nicola Conci,ITA,XAT,1,1,0
mens,Nicola Marcerou,FRA,TEN,1,1,0
mens,Nicolas Alustiza,ESP,EUS,1,1,0
mens,Nicolas Breuillard,FRA,TEN,1,0,0
mens,Nicolas Debeaumarche,FRA,COF,1,1,0
mens,Nicolas Gojkovic,CRO,XYZ,1,1,0
mens,Nicolas Milesi,ITA,IGA,1,0,0
mens,Nicolas Prodhomme,FRA,DCT,8,1,745
mens,Nicolas Sessler,BRA,VSC,1,1,0
mens,Nicolas Vinokourov,KAZ,XAT,1,1,80
mens,Nicolo Buratti,ITA,MBH,1,1,0
mens,Nicolò Parisini,ITA,PQT,1,1,0
mens,Niels Driesen,BEL,LWD,1,0,0
mens,Niels Vandeputte,BEL,APD,1,0,0
mens,Nikias Arndt,GER,TBV,1,1,0
mens,Nikita Tsvetkov,UZB,BCS,1,0,0
mens,Niklas Behrens,GER,TVL,1,1,0
mens,Niklas Larsen,DEN,URR,4,1,380
mens,Niklas Märkl,GER,TPP,1,1,0
mens,Nil Gimeno,ESP,EKP,1,1,10
mens,Nils Brun,SUI,XYZ,1,1,0
mens,Nils Eekhoff,NED,TPP,5,2,535
mens,Nils Politt,GER,UAD,4,10,0
mens,Nio Vandevorst,BEL,APD,1,0,0
mens,Noa Isidore,FRA,DCT,1,1,0
mens,Noah Hobbs,GBR,EFE,1,1,0
mens,Noah Lindholm Møller Andersen,DEN,RBC,1,0,0
mens,Noah Ramsay,CAN,APD,1,0,0
mens,Noah Streif,USA,EFA,1,0,0
mens,Noah Vandenbranden,BEL,TFB,1,1,10
mens,Noé Melot,FRA,TUU,1,0,0
mens,Nolan Huysmans,BEL,TFB,1,0,0
mens,Nolann Mahoudo,FRA,XYZ,1,1,0
mens,Norbert Banaszek,POL,ATT,1,1,0
mens,Norman Vahtra,EST,CAT,1,1,0
mens,Odd Christian Eiking,NOR,URR,1,1,70
mens,Oded Kogut,ISR,NSN,3,3,260
mens,Oier Lazkano,ESP,XYZ,1,5,0
mens,Olav Kooij,NED,DCT,14,10,1556
mens,Oliver Clements,AUS,TND,1,0,0
mens,Oliver Knight,GBR,COF,2,1,180
mens,Oliver Mätik,EST,TUU,1,0,0
mens,Oliver Naesen,BEL,DCT,2,4,100
mens,Oliver Peace,GBR,TPP,1,0,0
mens,Oliver Scott,NZL,VDU,1,0,0
mens,Oliver Stockwell,GBR,TBV,1,1,0
mens,Olivier Le Gac,FRA,GFC,1,1,0
mens,Omar El Gouzi,ITA,XYZ,1,1,0
mens,Omar Fraile,ESP,ZZZ,1,1,0
mens,Omer Goldstein,ISR,XYZ,1,1,0
mens,Omer Ramon,ISR,ICA,1,0,0
mens,Orluis Aular,VEN,MOV,5,6,450
mens,Oscar Amey,GBR,ICA,1,0,0
mens,Oscar Chamberlain,AUS,DCT,1,1,0
mens,Oscar Onley,GBR,IGD,12,8,1155
mens,Oscar Riesebeek,NED,APT,1,1,0
mens,Oscar Rodriquez,ESP,IGD,1,1,0
mens,Oscar Sevilla,ESP,MED,1,1,0
mens,Otto Vergaerde,BEL,LTK,1,1,0
mens,Owain Doull,GBR,TVL,1,1,0
mens,Owen Geleijn,NED,URR,1,1,0
mens,Pablo Carrascosa,ESP,EKP,1,1,0
mens,Pablo Castrillo,ESP,MOV,3,4,190
mens,Pablo García,ESP,PTV,1,1,0
mens,Pablo Lospitao,ESP,CJR,1,0,0
mens,Pablo Torres,ESP,UAD,2,1,0
mens,Pascal Ackermann,GER,JAY,2,4,170
mens,Pascal Eenkhoorn,NED,SOQ,1,2,40
mens,Patrick Boje Frydkjær,DEN,LTF,1,0,0
mens,Patrick Casey,IRL,ICA,1,0,0
mens,Patrick Eddy,AUS,XYZ,1,1,0
mens,Patrick Gamper,AUT,JAY,1,1,40
mens,Patrick Konrad,AUT,LTK,1,1,0
mens,Patryk Goszczurny,POL,VLD,1,0,0
mens,Patryk Stosz,POL,VOS,1,1,0
mens,Pau Martí,ESP,NSN,1,0,0
mens,Pau Miquel,ESP,TBV,4,2,335
mens,Paul Conor,FRA,VDU,1,0,0
mens,Paul Double,GBR,JAY,6,1,576
mens,Paul Fietzke,GER,RBC,1,0,0
mens,Paul Hennequin,FRA,EUS,1,1,0
mens,Paul Lapeira,FRA,DCT,8,10,669
mens,Paul Magnier,FRA,SOQ,22,3,2159
mens,Paul Ourselin,FRA,COF,1,1,0
mens,Paul Penhoët,FRA,GFC,5,5,300
mens,Paul Seixas,FRA,DCT,10,1,713
mens,Paul Wright,NZL,MAP,1,1,0
mens,Pavel Bittner,CZE,TPP,10,5,965
mens,Pavel Novák,CZE,MOV,1,0,0
mens,Pavel Sivakov,FRA,UAD,5,8,493
mens,Pavel Šumpík,CZE,DPP,1,0,0
mens,Pelayo Sanchez,ESP,MOV,1,2,0
mens,Pello Bilbao,ESP,TBV,4,10,445
mens,Pepijn Reinderink,NED,SOQ,1,1,0
mens,Per Strand Hagenes,NOR,TVL,1,4,73
mens,Peter Kusztor,HUN,ZZZ,1,1,0
mens,Peter Øxenberg,DEN,IGD,1,0,0
mens,Peter Schulting,NED,XYZ,1,1,0
mens,Petr Kelemen,CZE,TUD,1,1,0
mens,Petr Rikunov,RUS,XYZ,1,1,0
mens,Peyton Burckel,USA,EFA,1,0,0
mens,Phil Bauhaus,GER,TBV,4,3,340
mens,Pier-André Coté,CAN,NSN,1,2,30
mens,Pierre Barbier,FRA,TSG,1,2,30
mens,Pierre Gautherat,FRA,DCT,3,4,235
mens,Pierre Latour,FRA,ZZZ,1,1,200
mens,Pierre Thierry,FRA,TEN,1,1,0
mens,Pierre-Henry Basset,FRA,AQD,1,1,0
mens,Piet Allegaert,BEL,COF,2,1,260
mens,Pieter Serry,BEL,ZZZ,1,1,0
mens,Pietro Galbusera,ITA,AQD,1,0,0
mens,Pietro Mattio,ITA,TVL,1,0,0
mens,Piotr Brozyna,POL,ZZZ,1,1,0
mens,Primož Roglič,SLO,RBH,14,24,1126
mens,Quentin Bezza,FRA,SCO,1,1,0
mens,Quentin Pacher,FRA,GFC,1,2,0
mens,Quinn Simmons,USA,LTK,10,3,780
mens,Quinten De Graeve,BEL,TNN,1,1,0
mens,Quinten Hermans,BEL,PQT,5,3,455
mens,Rafael Reis,POR,ACR,1,1,0
mens,Rafal Majka,POL,ZZZ,1,2,360
mens,Rainer Kepplinger,AUT,TBV,1,1,0
mens,Rait Arm,EST,ENT,1,1,0
mens,Ramis Dinmukhametov,KAZ,AQD,1,0,0
mens,Ramses Debruyne,BEL,APT,1,1,10
mens,Rasmus Bøgh Wallin,DEN,XYZ,1,1,70
mens,Rasmus Søjberg Pedersen,DEN,DCT,2,1,170
mens,Rasmus Tiller,NOR,UXM,3,2,295
mens,Raúl García Pierna,ESP,MOV,1,1,85
mens,Rayan Boulahoite,FRA,TEN,1,1,80
mens,Reef Roberts,NZL,CGF,1,0,0
mens,Rein Taaramäe,EST,KIN,1,1,100
mens,Remco Evenepoel,BEL,RBH,30,32,2857
mens,Rémi Arsac,FRA,DCD,1,0,0
mens,Remi Cavagna,FRA,GFC,2,1,120
mens,Rémi Daumas,FRA,CGF,1,0,0
mens,Rémy Rochas,FRA,GFC,1,1,70
mens,Reuben Thompson,NZL,LOI,1,1,0
mens,Riccardo Colombo,ITA,HBG,1,0,0
mens,Riccardo Lucca,ITA,XYZ,1,1,0
mens,Riccardo Zoidl,AUT,HAC,1,1,0
mens,Richard Carapaz,ECU,EFE,8,8,865
mens,Richard Ründva,EST,TND,1,0,0
mens,Rick Pluimers,NED,TUD,3,2,285
mens,Rick Versloot,NED,DPP,1,0,0
mens,Riley Pickrell,CAN,MAP,1,1,105
mens,Riley Sheehan,USA,NSN,4,3,340
mens,Robbe Dhondt,BEL,TPP,1,1,0
mens,Robbe Ghys,BEL,DCT,1,1,40
mens,Robert Donaldson,GBR,JAY,1,1,0
mens,Robert Stannard,AUS,TBV,1,1,0
mens,Roberto Capello,ITA,EFA,1,0,0
mens,Roberto Carlos Gonzalez,PAN,TFT,1,1,0
mens,Robigzon Oyola,COL,MED,1,1,0
mens,Robin Carpenter,USA,MAP,1,1,0
mens,Robin Donzé,SUI,TUD,1,0,0
mens,Robin Froidevaux,SUI,TUD,1,1,0
mens,Robin Orins,BEL,LOI,1,1,0
mens,Robinson Chalapud,COL,XYZ,1,1,0
mens,Rodrigo Álvarez,ESP,BBH,1,1,0
mens,Rodrigo Contreras,COL,TNC,1,1,0
mens,Roei Edinger,ISR,ICA,1,0,0
mens,Roel van Sintmaartensdijk,NED,LOI,1,1,0
mens,Roger Adriá,ESP,MOV,4,10,222
mens,Roger Kluge,GER,RRN,1,1,0
mens,Roger Pareta,ESP,MOY,1,0,0
mens,Roland Thalmann,SUI,TUD,1,1,0
mens,Romain Bardet,FRA,ZZZ,1,8,80
mens,Romain Cardis,FRA,AUB,1,1,0
mens,Romain Combaud,FRA,XYZ,1,1,0
mens,Romain Grégoire,FRA,GFC,12,10,1039
mens,Roman Duckert,GER,XYZ,1,1,0
mens,Roman Ermakov,RUS,TBV,1,1,0
mens,Roman Maikin,RUS,XYZ,1,1,0
mens,Romet Pajur,EST,RBC,1,0,0
mens,Ron Rooni,EST,VDU,1,0,0
mens,Ronan Augé,FRA,URR,1,0,0
mens,Rory Townsend,GBR,URR,4,1,450
mens,Rotem Tene,ISR,NSN,1,0,0
mens,Ruben Fernandez,ESP,ACR,1,1,0
mens,Ruben Guerreiro,POR,XYZ,1,1,45
mens,Rudy Molard,FRA,GFC,1,4,65
mens,Rudy Porter,AUS,JAY,1,1,0
mens,Rui Costa,POR,ZZZ,1,2,95
mens,Rui Oliveira,POR,UAD,1,2,80
mens,Rune Boden,BEL,APD,1,0,0
mens,Rune Herregodts,BEL,UAD,1,2,0
mens,Ruslan Yelyubayev,KAZ,AQD,1,0,0
mens,Ryan Gibbons,RSA,ZZZ,1,1,0
mens,Ryan Mullen,IRL,NSN,1,1,103
mens,Sakarias Koller Løland,NOR,UXM,2,1,170
mens,Salvatore Puccio,ITA,ZZZ,1,1,0
mens,Sam Bennett,IRL,PQT,2,5,75
mens,Sam Maisonobe,FRA,COF,1,1,30
mens,Sam Oomen,NED,LTK,1,1,0
mens,Sam Watson,GBR,IGD,8,1,626
mens,Samuel Bertolli,ITA,TFD,1,0,0
mens,Samuel Boardman,USA,MAP,1,0,0
mens,Samuel Brand,GBR,TNN,1,1,0
mens,Samuel Fernández Garcia,ESP,EUS,1,1,0
mens,Samuel Fernández Heres,ESP,EUS,1,0,0
mens,Samuel Flórez,COL,MAP,1,0,0
mens,Samuel Gaze,NZL,XYZ,1,1,0
mens,Samuel Greenwell,GBR,LWD,1,0,0
mens,Samuel Leroux,FRA,TEN,1,1,125
mens,Samuel Quaranta,ITA,GSC,1,1,0
mens,Samuel Welsford,AUS,IGD,2,2,70
mens,Samuele Battistella,ITA,EFE,1,2,0
mens,Samuele Zoccarato,ITA,MBH,1,1,20
mens,Sander De Pestel,BEL,DCT,1,1,0
mens,Sandy Dujardin,FRA,TEN,4,2,410
mens,Santiago Basso,ITA,BVD,1,0,0
mens,Santiago Buitrago,COL,TBV,4,5,300
mens,Santiago Ferraro,ITA,BCS,1,1,0
mens,Santiago Umba,COL,TFT,1,1,0
mens,Sasha Weemaes,BEL,XYZ,1,1,70
mens,Scott McGill,USA,MAP,1,1,0
mens,Sean Christian,USA,MAP,1,0,0
mens,Sean Flynn,GBR,TPP,1,1,0
mens,Sean Quinn,USA,EFE,1,1,10
mens,Sebastian Berwick,AUS,CJR,1,1,0
mens,Sebastián Castro,CRC,MOY,1,0,0
mens,Sebastian Grindley,GBR,LTF,1,0,0
mens,Sebastian Henao,COL,XYZ,1,1,0
mens,Sebastian Kolze Changizi,DEN,TUD,1,1,10
mens,Sebastian Nielsen,DEN,TCQ,1,1,0
mens,Sebastian Putz,AUT,RBC,1,0,0
mens,Sébastien Grignard,BEL,LOI,1,1,0
mens,Senna Remijn,NED,APT,2,0,0
mens,Senne Thonnon,BEL,TFB,1,0,0
mens,Sente Sentjens,BEL,APT,1,1,0
mens,Sepp Kuss,USA,TVL,6,8,420
mens,Seppe Van Den Boer,BEL,TUU,1,0,0
mens,Sergey Rostovtsev,UZB,BCS,1,0,0
mens,Sergi Darder,ESP,CJR,1,1,30
mens,Sergio Geovani Chumil,GUA,BBH,2,1,100
mens,Sergio Higuita,COL,XAT,3,5,280
mens,Sergio Meris,ITA,URR,1,1,0
mens,Sergio Samitier,ESP,COF,1,1,0
mens,Sergio Tu,TPE,ABZ,1,1,0
mens,Seth Dunwoody,IRL,BVD,1,0,0
mens,Shunsuke Imamura,JPN,LWD,1,0,0
mens,Siebe Deweirdt,BEL,TFB,1,1,0
mens,Siebe Roesems,BEL,APD,1,0,0
mens,Silvan Dillier,SUI,APT,1,1,0
mens,Simon Carr,GBR,COF,1,1,0
mens,Simon Clarke,AUS,ZZZ,1,1,0
mens,Simon Dalby,DEN,UXM,1,1,0
mens,Simon Dehairs,BEL,APT,2,3,180
mens,Simon Goossens,BEL,APD,1,0,0
mens,Simon Gugliemi,FRA,AUB,1,1,60
mens,Simon Pellaud,SUI,LNS,1,1,0
mens,Simon Yates,GBR,ZZZ,1,8,990
mens,Simone Consonni,ITA,LTK,1,3,0
mens,Simone Gualdi,ITA,LOI,1,1,10
mens,Simone Petilli,ITA,ZZZ,1,1,0
mens,Simone Raccani,ITA,TUK,1,1,0
mens,Simone Velasco,ITA,XAT,8,3,860
mens,Simone Zanini,ITA,AQD,1,0,0
mens,Sinuhé Fernandez,ESP,BBH,1,1,0
mens,Sjoerd Bax,NED,PQT,1,1,0
mens,Soan Ruesche,FRA,CGF,1,0,0
mens,Søren Kragh Andersen,DEN,LTK,2,3,158
mens,Søren Wærenskjold,NOR,UXM,10,10,910
mens,Stan Dewulf,BEL,DCT,2,2,20
mens,Stan Van Tricht,BEL,SQD,1,2,0
mens,Stanislaw Aniolkowski,POL,COF,4,2,405
mens,Stefan Bissegger,SUI,DCT,3,3,305
mens,Stefan de Bod,RSA,MAP,1,1,0
mens,Stefan Küng,SUI,TUD,10,14,698
mens,Stefano Oldani,ITA,CJR,1,2,140
mens,Stefano Viezzi,ITA,APD,1,0,0
mens,Steff Cras,BEL,SOQ,2,1,175
mens,Steffen De Schuyteneer,BEL,LOI,2,1,155
mens,Stephen Bassett,USA,PEC,1,1,0
mens,Stephen Williams,GBR,NSN,2,5,0
mens,Steven Kruijswijk,NED,TVL,1,1,0
mens,Stian Fredheim,NOR,UXM,5,1,495
mens,Storm Ingebrigtsen,NOR,UXM,1,0,0
mens,Sven Aleksander Mernik,SLO,VLD,1,0,0
mens,Sven Erik Bystrom,NOR,UXM,1,1,20
mens,Swann Guefveneu,FRA,VDU,1,0,0
mens,Sylvain Moniquet,BEL,COF,2,1,155
mens,Szymon Sajnok,POL,XYZ,1,1,0
mens,Taco van der Hoorn,NED,LOI,1,1,5
mens,Tadej Pogačar,SLO,UAD,62,64,5903
mens,Tao Geoghegan Hart,GBR,LTK,2,2,170
mens,Tars Poelvoorde,BEL,LWD,1,0,0
mens,Théo Delacroix,FRA,AUB,1,1,0
mens,Théo Hébert,FRA,VDU,1,0,0
mens,Theo Lévêque,FRA,TEN,1,0,0
mens,Theodor August Clemmensen,DEN,RBC,1,0,0
mens,Theodor Storm,DEN,IGA,1,1,0
mens,Théophile Vassal,FRA,DCD,1,0,0
mens,Thibau Nys,BEL,LTK,8,6,740
mens,Thibaud Gruel,FRA,GFC,5,1,385
mens,Thibault Guernalec,FRA,TEN,1,1,10
mens,Thibaut Bernard,BEL,LWD,1,0,0
mens,Thibaut Van Damme,BEL,APD,1,0,0
mens,Thimo Willems,BEL,ZZZ,1,1,0
mens,Thom van der Werff,NED,DPP,1,0,0
mens,Thomas Bonnet,FRA,TEN,1,1,0
mens,Thomas Capra,ITA,BVD,1,0,0
mens,Thomas Champion,FRA,AUB,1,1,0
mens,Thomas Gachignard,FRA,TEN,1,2,85
mens,Thomas Gloag,GBR,PQT,1,1,130
mens,Thomas Lebas,FRA,KIN,1,1,0
mens,Thomas Pesenti,ITA,PTV,1,1,0
mens,Thomas Pidcock,GBR,PQT,22,14,2160
mens,Thor Feyaerts,BEL,APD,1,0,0
mens,Thor Michielsen,BEL,LTF,1,0,0
mens,Thymen Arensman,NED,IGD,10,6,845
mens,Tibor Del Grosso,NED,APT,8,1,620
mens,Tiesj Benoot,BEL,DCT,10,8,890
mens,Tijmen Graat,NED,TVL,1,1,20
mens,Tilen Finkšt,SLO,TFT,1,0,0
mens,Tim Declercq,BEL,ZZZ,1,1,0
mens,Tim Marsman,NED,APT,1,0,0
mens,Tim Merlier,BEL,SOQ,16,20,1409
mens,Tim Naberman,NED,TPP,1,1,0
mens,Tim Rex,BEL,TVL,1,0,0
mens,Tim Torn Teutenberg,GER,LTK,1,1,100
mens,Tim Van Dijke,NED,RBH,1,1,20
mens,Tim Wellens,BEL,UAD,8,12,730
mens,Timo Behrens,GER,APD,1,0,0
mens,Timo De Jong,NED,TPP,1,1,80
mens,Timo Kielich,BEL,TVL,4,3,370
mens,Timo Roosen,NED,TPP,1,1,0
mens,Timotej Banovec,SLO,TND,1,0,0
mens,Timothée Coudière-Cantin,FRA,VDU,1,0,0
mens,Timothy Dupont,BEL,TIS,1,2,30
mens,Titouan Fontaine,FRA,GFC,1,0,0
mens,Tobias Bayer,AUT,APT,1,1,0
mens,Tobias Foss,NOR,IGD,2,3,180
mens,Tobias Halland Johannessen,NOR,UXM,8,6,695
mens,Tobias Lund Andresen,DEN,DCT,10,4,800
mens,Tobias Müller,GER,URR,1,0,0
mens,Tobias Svarre,DEN,UXM,1,0,0
mens,Tom Crabbe,BEL,TFB,1,1,100
mens,Tom Donnenwirth,GBR,GFC,1,1,50
mens,Tom Paquot,BEL,ZZZ,1,1,0
mens,Tom Portsmouth,GBR,XYZ,1,1,0
mens,Tom Sexton,NZL,STG,1,1,0
mens,Tom Stirnimann,SUI,TUU,1,0,0
mens,Tom Van Asbroeck,BEL,NSN,1,5,90
mens,Tomáš Bárta,CZE,IST,1,1,0
mens,Tomáš Kopecký,CZE,URR,1,1,100
mens,Tomás Pombo,ESP,MOY,1,0,0
mens,Tommaso Bessega,ITA,PTV,1,0,0
mens,Tommaso Nencini,ITA,TFT,1,1,0
mens,Tomos Pattinson,GBR,EFA,1,0,0
mens,Tomoya Koyama,JPN,BBH,1,1,0
mens,Toms Skujins,LAT,LTK,10,10,935
mens,Toon Aerts,BEL,LOI,1,1,20
mens,Toon Clynhens,BEL,XYZ,1,1,0
mens,Tord Gudmestad,NOR,DCT,2,2,20
mens,Torstein Træen,NOR,UXM,4,1,420
mens,Tosh Van der Sande,BEL,ZZZ,1,1,0
mens,Trym Westgaard Holther,NOR,XYZ,1,1,0
mens,Tuur Dens,BEL,TFB,1,1,0
mens,Tuur Verbeeck,BEL,LWD,1,0,0
mens,Txomin Juaristi,ESP,EUS,1,1,70
mens,Tyler Magner,USA,ZZZ,1,1,0
mens,Tyler Stites,USA,MAP,1,1,0
mens,Ugo Fabries,FRA,UAZ,1,0,0
mens,Ulrik Tvedt,NOR,DPP,1,0,0
mens,Umberto Poli,ITA,TNN,1,1,0
mens,Unai Aznar Vijuesca,ESP,EUS,1,1,0
mens,Unai Iribar,ESP,EKP,1,1,40
mens,Unai Ramos,ESP,EKP,1,0,0
mens,Unai Zubeldia,ESP,ZZZ,1,1,0
mens,Urko Berrade,ESP,EKP,1,3,90
mens,Vadim Pronskiy,KAZ,TSG,1,1,0
mens,Valentin Darbellay,SUI,EFC,1,1,0
mens,Valentin Ferron,FRA,COF,1,1,0
mens,Valentin Hofer,AUT,BVD,1,0,0
mens,Valentin Madouas,FRA,GFC,5,8,285
mens,Valentin Martinet,FRA,DCD,1,0,0
mens,Valentin Paret-Peintre,FRA,SOQ,1,3,100
mens,Valentin Retailleau,FRA,TEN,1,1,10
mens,Valentin Tabellion,FRA,AIX,1,1,0
mens,Valerio Conti,ITA,TFT,1,1,0
mens,Vegard Stake Laengen,NOR,UAD,1,1,0
mens,Veljko Stojnić,SRB,TUS,1,1,0
mens,Vicente Rojas,CHI,BCS,1,1,0
mens,Victor Campenaerts,BEL,TVL,1,3,83
mens,Victor De La Parte,ESP,ZZZ,1,1,0
mens,Victor Guernalec,FRA,CIC,1,1,25
mens,Victor Lafay,FRA,URR,3,4,225
mens,Victor Langellotti,MON,IGD,4,2,374
mens,Victor Loulergue,FRA,CGF,1,0,0
mens,Victor Papon,FRA,NMC,1,1,0
mens,Victor Van de Putte,BEL,LWD,1,0,0
mens,Victor Vaneeckhoutte,BEL,LWD,1,0,0
mens,Victor Vercouillie,BEL,TFB,1,1,50
mens,Viktor Soenens,BEL,SQD,1,0,0
mens,Vince Gerits,BEL,XYZ,1,1,0
mens,Vincent Bodet,FRA,VDU,1,0,0
mens,Vincent John,GER,SIC,1,1,0
mens,Vincent Van Hemelen,BEL,TFB,1,1,10
mens,Vincenzo Albanese,ITA,EFE,3,6,240
mens,Vinicius Rangel Costa,BRA,XYZ,1,1,0
mens,Vinnie Manion,AUS,HBG,1,0,0
mens,Vito Braet,BEL,LOI,2,2,125
mens,Vlad van Mechelen,NED,TBV,2,1,170
mens,Vladislav Bashlykov,KAZ,AQD,1,0,0
mens,Vojtěch Kmínek,CZE,BBH,1,1,0
mens,Walter Calzoni,ITA,PQT,1,1,0
mens,Ward Vanhoof,BEL,TFB,1,1,0
mens,Warre Vangheluwe,BEL,SOQ,1,1,0
mens,Warren Barguil,FRA,TPP,2,2,150
mens,Welay Hagos Berhe,ETH,XYZ,1,1,0
mens,Wessel Krul,NED,XYZ,1,1,0
mens,Wessel Mouris,NED,URR,1,1,0
mens,Wil Holmes,AUS,HBG,1,0,0
mens,Wilco Kelderman,NED,TVL,2,5,50
mens,William Barta,USA,TUD,1,1,65
mens,William Blume Levy,DEN,UXM,1,1,0
mens,William Junior Lecerf,BEL,SOQ,6,1,425
mens,William Salter,GBR,APD,1,0,0
mens,William Smith,GBR,VLD,1,0,0
mens,Willie Smit,RSA,CAT,1,1,30
mens,Witse Bertels,BEL,LWD,1,0,0
mens,Witse Meeussen,BEL,APD,1,0,0
mens,Wout Poels,NED,URR,2,3,125
mens,Wout van Aert,BEL,TVL,18,24,1695
mens,Wouter Toussaint,NED,LWD,1,0,0
mens,Xabier Berasategi,ESP,EUS,1,1,0
mens,Xabier Isasa,ESP,EUS,1,1,0
mens,Xabier Mikel Azparren,ESP,PQT,1,1,30
mens,Xander Scheldeman,BEL,DPP,1,0,0
mens,Xandro Meurisse,BEL,PQT,1,5,120
mens,Xavier Cañellas,ESP,XYZ,1,1,0
mens,Yaël Joalland,FRA,COF,1,0,0
mens,Yago Aguirre,ESP,EUS,1,0,0
mens,Yann Dubois,FRA,CGF,1,0,0
mens,Yannis Voisard,SUI,TUD,2,1,230
mens,Yen Yi Ho,TPE,EKP,1,0,0
mens,Yentl Vandevelde,BEL,XYZ,1,1,0
mens,Yevgeniy Fedorov,KAZ,XAT,4,2,460
mens,Yevgeniy Gidich,KAZ,XYZ,1,1,0
mens,Yoeri Havik,NED,DCC,1,1,0
mens,You Li,CHN,AQD,1,0,0
mens,Youcef Reguigui,ALG,XYZ,1,1,0
mens,Yuhi Todome,JPN,ART,1,1,0
mens,Yukiya Arashiro,JPN,TFT,1,1,0
mens,Yuma Koishi,JPN,KIN,1,1,0
mens,Yves Lampaert,BEL,SOQ,1,1,60
mens,Zac Marriage,AUS,ICA,1,0,0
mens,Žak Eržen,SLO,TBV,1,1,0
mens,Zeb Kyffin,GBR,TSG,1,1,40
mens,Zsombor Takács,HUN,MBH,1,0,0
womens,Abi Smith,GBR,XYZ,1,1,0
womens,Abigail Miller,,UDT,1,0,0
womens,Adele Normand,CAN,MBT,1,1,0
womens,Agnieszka Skalniak,POL,CSZ,4,4,236
womens,Aileen Schweikart,GER,XYZ,1,1,0
womens,Ainara Albert,UNK,CGS,1,0,0
womens,Alana Castrique,BEL,AGS,1,1,0
womens,Alba Teruel,UNK,XYZ,1,1,0
womens,Alberte Greve,DEN,UXM,1,1,100
womens,Alena Amialiusik,UNK,UAD,1,1,0
womens,Alena Ivanchenko,RUS,UAD,1,2,15
womens,Alessia Vigilia,ITA,UXM,1,2,70
womens,Alex Morrice,GBR,XYZ,1,1,0
womens,Alexandra Manly,AUS,AGS,6,8,0
womens,Alexandra Volstad,CAN,EFO,1,1,0
womens,Alexis Magner,UNK,EFO,1,0,0
womens,Alice Arzuffi,ITA,LKF,1,2,0
womens,Alice Coutinho,UNK,MMM,1,0,0
womens,Alice Gasparini,ITA,XYZ,1,1,0
womens,Alice Sharpe,IRL,XYZ,1,1,0
womens,Alice Towers,GBR,EFO,1,1,0
womens,Alice Wood (Barnes),GBR,XYZ,1,2,0
womens,Alicia Gonzalez,UNK,AUB,1,1,60
womens,Alison Avoine,FRA,MPE,1,1,0
womens,Alison Jackson,CAN,AUB,6,4,520
womens,Allison Mrugal,UNK,MMM,1,0,0
womens,Ally Wollaston,NZL,TFS,6,6,573
womens,Alyssa Polites,AUS,XYZ,1,1,0
womens,Amalia Debarges,UNK,UDT,1,0,0
womens,Amanda Spratt,AUS,LTK,4,6,417
womens,Amandine Fouquenet,FRA,XYZ,1,1,0
womens,Amber Kraak,NED,TFS,6,10,315
womens,Amber Neben,USA,R,1,2,0
womens,Amber Pate,AUS,LIV,1,1,4
womens,Amber van der Hulst,NED,VWT,1,1,0
womens,Amelie Dideriksen,DEN,CWT,2,2,160
womens,Ana Vitoria Magalhaes,BRA,MOV,1,1,0
womens,Anais Morichon,FRA,LWM,1,1,0
womens,Anastasia Carbonari,LAT,XYZ,1,2,0
womens,Anastasia Samsonova,UNK,CGS,1,0,0
womens,Anastasiya Kolesava,BLR,CSZ,1,1,1
womens,Andrea Casagranda,ITA,XYZ,1,1,0
womens,Andrea Ramirez,MEX,XYZ,1,1,0
womens,Andria Christophorou,CYP,XYZ,1,1,0
womens,Ane Santesteban,ESP,R,2,6,180
womens,Aniek van Alphen,NED,FPC,1,1,30
womens,Anna Henderson,GBR,LTK,10,12,1034
womens,Anna Hicks,UNK,T28,1,0,0
womens,Anna Kiesenhofer,AUT,XYZ,1,2,30
womens,Anna Trevisi,ITA,R,1,1,0
womens,Anna van der Breggen,NED,SDW,26,35,2016
womens,Anna van der Meiden,NED,XYZ,1,1,0
womens,Anna van Wersch,NED,LIL,1,1,30
womens,Anna Vanderaerden,BEL,FDD,1,1,0
womens,Anne Dorthe Ysland,NOR,UXM,1,1,0
womens,Anne Knijnenburg,NED,VWT,2,1,240
womens,Anne van Rooijen,NED,DAS,1,1,0
womens,Anneke Dijkstra,NED,VWT,1,1,130
womens,Annelies Nijssen,UNK,LIL,1,0,0
womens,Annemarie Worst,NED,FPC,1,1,0
womens,Anniina Ahtosalo,FIN,UXM,4,8,200
womens,Anouska Koster,NED,UXM,1,4,0
womens,Antonia Niedermaier,GER,CSZ,12,10,1222
womens,Anya Louw,AUS,AGS,1,1,0
womens,April Tacey,GBR,HPU,1,1,100
womens,Ariana Gilabert Vilaplana,ESP,EIC,1,1,0
womens,Arianna Fidanza,ITA,LKF,2,2,20
womens,Arlenis Sierra,CUB,MOV,4,8,0
womens,Ashleigh Moolman,RSA,AGS,4,8,330
womens,Aude Biannic,FRA,MOV,1,1,0
womens,Audrey De Keersmaeker,BEL,TPP,1,1,40
womens,Auke de Buysser,UNK,EFO,1,0,0
womens,Aurela Nerlo,POL,WIN,2,0,0
womens,Ava Holmgren,CAN,LTK,2,2,10
womens,Babette van der Wolf,NED,EFO,1,1,10
womens,Barbara Guarischi,ITA,SDW,2,2,230
womens,Barbara Malcotti,ITA,HPH,6,1,595
womens,Beatrice Rossato,ITA,XYZ,1,1,0
womens,Becky Storrie,GBR,TPP,1,1,0
womens,Bethany Ingram,UNK,T28,1,0,0
womens,Bodine Vollering,NED,VWT,1,1,0
womens,Britt Knaven,BEL,CMC,1,1,0
womens,Brodie Chapman,AUS,UAD,6,6,507
womens,Camilla Ranes Bye,NOR,MNX,1,1,0
womens,Camille Fahy,FRA,TRO,1,1,0
womens,Caoimhe O'Brien,UNK,EFO,1,0,0
womens,Carina Schrempf,AUT,FPC,1,1,30
womens,Carlijn Achtereekte,NED,R,1,1,0
womens,Carlotta Cipressi,ITA,HPH,1,1,0
womens,Carmela Cipriani,ITA,XYZ,1,1,0
womens,Caroline Andersson,SWE,LIV,6,6,500
womens,Caroline Wreszin,UNK,AUB,1,0,0
womens,Carys Lloyd,GBR,MOV,1,1,70
womens,Cat Ferguson,GBR,MOV,12,8,1081
womens,Catalina Soto,UNK,LKF,1,1,20
womens,Cecilia van Zuthem,NED,SWC,1,1,0
womens,Cecilie Uttrup Ludwig,DEN,CSZ,12,16,320
womens,Cedrine Kerbaol,FRA,EFO,14,12,1352
womens,Celia Gery,FRA,TFS,4,1,260
womens,Celia Le Mouel,FRA,MPE,1,1,20
womens,Celia Torres,UNK,UDT,1,0,0
womens,Ceylin del Carmen Alvarado,NED,XYZ,1,1,30
womens,Chantal van den Broek-Blaak,NED,R,1,2,0
womens,Charlotte Kool,NED,FPC,10,14,595
womens,Chiara Consonni,ITA,CSZ,10,12,1005
womens,Chloe Charpentier,FRA,TAM,1,1,0
womens,Chloe Dygert,USA,CSZ,10,16,556
womens,Christina Schweinberger,AUT,FPC,6,10,415
womens,Claire Steels,GBR,MOV,2,4,100
womens,Clara Copponi,FRA,LTK,4,4,335
womens,Clara Emond,CAN,AUB,1,1,0
womens,Clara Koppenburg,GER,XYZ,1,4,0
womens,Clemence Chereau,FRA,AUB,1,1,0
womens,Clemence Latimier,UNK,MPE,1,0,0
womens,Coline Raby,FRA,R,1,1,0
womens,Constance Valentin,FRA,MMM,1,1,0
womens,Coralie Demay,FRA,XYZ,1,1,0
womens,Cristina Tonetti,ITA,LKF,1,1,100
womens,Dana Rozlapa,LAT,XYZ,2,1,200
womens,Daniek Hengeveld,NED,TVL,1,1,0
womens,Daniela Campos,POR,EIC,1,2,130
womens,Daniela Hezinova,UNK,TPP,1,0,0
womens,Danielle De Francesco,AUS,XYZ,1,1,0
womens,Danique Braam,NED,XYZ,1,2,0
womens,Daria Pikulik,POL,HPH,8,10,30
womens,Debora Silvestri,ITA,LKF,1,1,10
womens,Demi Vollering,NED,TFS,56,56,4654
womens,Diana Carolina Penuela Martinez,COL,XYZ,1,1,0
womens,Diane Ingabire,RWA,XYZ,1,1,0
womens,Dilyxine Miermont,FRA,TPP,2,1,110
womens,Dina Boels,BEL,LIL,1,1,0
womens,Dominika Wlodarczyk,POL,UAD,8,4,680
womens,Eglantine Rayer,FRA,TFS,1,4,0
womens,Eilidh Shaw,UNK,UDT,1,0,0
womens,Elena Cecchini,ITA,SDW,1,1,6
womens,Elena Hartmann,SUI,XYZ,1,2,0
womens,Elena Pirrone,ITA,XYZ,1,1,0
womens,Eleonora Camilla Gasparrini,ITA,UAD,10,8,1040
womens,Eleonora Ciabocco,ITA,TPP,4,1,290
womens,Eline Jansen,NED,VWT,6,1,590
womens,Eline van Rooijen,NED,CMC,1,1,0
womens,Elinor Barker,GBR,UXM,1,4,0
womens,Elisa Balsamo,ITA,LTK,20,20,1790
womens,Elisa De Vallier,ITA,XYZ,1,1,0
womens,Elisa Kvasnickova,CZE,VIF,1,2,0
womens,Elisa Longo Borghini,ITA,UAD,38,48,2690
womens,Elisabeth Ebras,EST,LIL,1,1,100
womens,Elise Chabbey,SUI,TFS,18,12,1861
womens,Elise Uijen,NED,TPP,1,2,0
womens,Elizabeth Deignan,GBR,R,1,6,14
womens,Elizabeth Holden,GBR,R,1,2,0
womens,Elizabeth Stannard,NZL,XYZ,1,1,0
womens,Ella Harris,AUS,XYZ,1,2,0
womens,Ella Heremans,BEL,TPP,1,1,0
womens,Ella Jamieson,GBR,XYZ,1,1,0
womens,Ella Sabo,UNK,T28,1,0,0
womens,Ella Simpson,AUS,R,1,1,0
womens,Ella Wyllie,NZL,LIV,4,1,315
womens,Ellen van Dijk,NED,R,8,12,889
womens,Eluned King,GBR,ART,1,1,0
womens,Elyne Roussel,FRA,AUB,1,1,0
womens,Elynor Backstedt,UNK,UAD,2,1,60
womens,Ema Comte,UNK,CWT,1,0,0
womens,Emanuela Zanetti,ITA,SBT,1,1,0
womens,Emilia Fahlin,SWE,XYZ,1,1,30
womens,Emilie Fortin,CAN,MNX,1,1,0
womens,Emilie Morier,UNK,AUB,1,0,0
womens,Emily Ehrlich,UNK,T28,1,0,0
womens,Emily Gilbert,UNK,T28,1,0,0
womens,Emily Watts,AUS,XYZ,1,1,0
womens,Emma Bernardi,ITA,XYZ,1,1,0
womens,Emma Dyrhovden,NOR,KRC,1,1,0
womens,Emma Langley,USA,XYZ,1,1,0
womens,Emma Norsgaard,DEN,LTK,6,10,134
womens,Emma Redaelli,ITA,SBT,1,1,0
womens,Eneritz Vadillo Crespo,ESP,XYZ,1,1,0
womens,Eri Yonamine,JPN,XYZ,1,1,0
womens,Erica Magnaldi,ITA,UAD,4,6,200
womens,Esmee Gielkens,BEL,XYZ,1,1,0
womens,Esmee Peperkamp,NED,VWT,1,4,0
womens,Eugenia Bujak,SLO,R,2,2,150
womens,Eugénie Duval,FRA,R,1,2,0
womens,Eva van Agt,NED,TFS,2,1,125
womens,Evita Muzic,FRA,TFS,14,18,1058
womens,Evy Kuijpers,NED,FPC,1,1,0
womens,Fabienne Buri,SUI,XYZ,1,1,0
womens,Fariba Hashimi,AFG,XYZ,1,1,0
womens,Fauve Bastiaenssen,BEL,AGS,1,1,0
womens,Febe Jooris,UNK,UAD,1,0,0
womens,Febe Poppe,BEL,FDP,1,1,0
womens,Federica Piergiovanni,ITA,XYZ,1,1,0
womens,Federica Venturelli,ITA,UAD,1,1,70
womens,Fee Knaven,UNK,UDT,1,0,0
womens,Felicity Wilson-Haffenden,AUS,LTK,1,1,47
womens,Fem van Empel,NED,XYZ,4,6,0
womens,Femke Beuling,NED,R,1,1,0
womens,Femke De Vries,NED,TVL,2,1,270
womens,Femke Gerritse,NED,SDW,6,4,566
womens,Femke Markus,NED,SDW,2,4,76
womens,Fien van Eynde,,FPC,2,1,50
womens,Fiona Mangan,IRE,MMM,1,1,0
womens,Flavie Boulais,FRA,CAL,1,1,0
womens,Fleur Moors,BEL,LTK,2,1,275
womens,Floortje Mackaij,NED,MOV,2,4,35
womens,Flora Perkins,GBR,FPC,1,1,0
womens,Florence Normand,CAN,XYZ,1,1,0
womens,Florien Bolks,NED,VWT,1,1,0
womens,Francesca Barale,ITA,MOV,1,4,0
womens,Francesca Baroni,ITA,XYZ,1,1,0
womens,Francesca Hall,UNK,CGS,1,0,0
womens,Francesca Pellegrini,UNK,UXM,1,0,30
womens,Franziska Brausse,GER,RRN,1,2,0
womens,Franziska Koch,GER,TFS,6,4,392
womens,Gaia Masetti,ITA,TPP,1,2,0
womens,Gaia Realini,ITA,LTK,10,20,0
womens,Geerike Schreurs,NED,XYZ,1,1,0
womens,Gemma Sernissi,ITA,XYZ,1,1,0
womens,Georgia Baker,AUS,LIV,4,2,314
womens,Georgie Howe,AUS,XYZ,1,1,0
womens,Giada Borghesi,ITA,HPH,2,4,180
womens,Giada Silo,UNK,UDT,1,0,0
womens,Giorgia Bariani,ITA,XYZ,1,1,0
womens,Giorgia Vettorello,ITA,CGS,1,2,0
womens,Giulia Giuliani,ITA,CGS,1,1,10
womens,Gladys Verhulst Wild,FRA,AGS,2,2,285
womens,Greta Marturano,ITA,UAD,2,2,180
womens,Greta Richioud,FRA,XYZ,1,1,0
womens,Hanna Johansson,SWE,XYZ,1,1,0
womens,Hanna Nilsson,SWE,XYZ,1,1,0
womens,Hanna Tserakh,UNK,VAI,1,1,0
womens,Hannah Ludwig,GER,CWT,1,2,0
womens,Harriet Owen,GBR,XYZ,1,1,0
womens,Hayley Simmonds,GBR,XYZ,1,1,0
womens,Heidi Franz,USA,AUB,1,2,0
womens,Helena Jones,UNK,AGSU,1,0,0
womens,Henrietta Christie,NZL,EFO,1,1,0
womens,Henrietta Colborne,GBR,PRO,1,1,0
womens,Holly Breck,USA,XYZ,1,1,0
womens,Idoia Eraso,UNK,LKF,1,1,0
womens,Ilaria Sanguineti,ITA,XYZ,1,2,0
womens,Ilken Seynave,UNK,LIL,1,0,0
womens,Ilona Rouat,UNK,MPE,1,0,0
womens,Ilse Pluimers,UNK,AGS,2,1,280
womens,Imogen Wolff,GBR,TVL,2,1,100
womens,India Grangier,FRA,AUB,1,1,30
womens,Inge van der Heijden,NED,FPC,1,1,0
womens,Ingvild Gaskjenn,NOR,UXM,4,6,0
womens,Irati Aranguren,UNK,LKF,1,0,0
womens,Iris Monticolo,ITA,XYZ,1,1,0
womens,Isabel Martin,ESP,XYZ,1,1,0
womens,Isabella Holmgren,CAN,LTK,8,2,730
womens,Iurani Blanco,UNK,HPH,1,4,0
womens,Izzy Sharp,,ART,1,1,0
womens,Jade Wiel,FRA,TFS,2,2,10
womens,Jamie Whitmore,UNK,T28,1,0,0
womens,Jasmin Liechti,SUI,XYZ,1,1,8
womens,Jeanne Korevaar,NED,LIV,1,1,4
womens,Jelena Eric,SRB,UXM,2,2,190
womens,Jenaya Francis,CAN,MMM,1,1,0
womens,Jennifer Valente,USA,XYZ,1,1,0
womens,Jenny Rissveds,SWE,XYZ,1,2,0
womens,Jente Koops,UNK,HPH,1,0,0
womens,Jesse Vandenbulcke,BEL,R,1,1,0
womens,Jessenia Meneses Gonzales,COL,XYZ,1,1,0
womens,Jessica Finney,GBR,XYZ,1,1,0
womens,Jony van den Eijnden,NED,CMC,1,1,0
womens,Joscelin Lowden,GBR,XYZ,1,1,0
womens,Josie Nelson,GBR,TPP,2,4,65
womens,Josie Talbot,AUS,LIV,1,1,44
womens,Julia Borgström,SWE,XYZ,1,1,0
womens,Julia Kopecky,CZE,SDW,1,1,100
womens,Julia van Bokhoven,NED,DAS,1,1,0
womens,Julia Van de Velde,BEL,AGS,1,2,0
womens,Juliana Londono,UNK,TPP,1,1,0
womens,Julie Bego,FRA,CWT,2,4,80
womens,Julie Brouwers,UNK,LIL,1,0,0
womens,Julie De Wilde,BEL,FPC,2,4,165
womens,Julie Hendrickx,BEL,XYZ,1,1,0
womens,Julie Nicolaes,BEL,XYZ,1,1,0
womens,Juliette Berthet (Labous),,TFS,22,22,2135
womens,Justine Gegu,UNK,MMM,1,0,0
womens,Justine Ghekiere,BEL,AGS,6,8,540
womens,Justyna Czapla,GER,CSZ,1,1,3
womens,Kaia Schmid,USA,XYZ,1,1,0
womens,Kaja Rysz,,XYZ,1,1,150
womens,Kamilla Aasebo,UNK,UXM,1,1,0
womens,Karin Soderqvist,SWE,XYZ,1,1,30
womens,Karlijn Swinkels,NED,UAD,10,14,905
womens,Karolina Karasiewicz,POL,XYZ,1,1,0
womens,Karolina Kumiega,POL,AUB,1,1,20
womens,Karolina Perekitko,POL,MMM,1,1,90
womens,Kata Blanka Vas,HUN,SDW,8,10,350
womens,Katarzyna Niewiadoma,POL,CSZ,22,24,1866
womens,Katarzyna Wilkos,POL,XYZ,1,1,0
womens,Kate Archibald,GBR,XYZ,1,2,0
womens,Kate Richardson,GBR,ART,1,1,0
womens,Katharina Fox,GER,XYZ,1,1,0
womens,Katharina Sadnick,UNK,TVL,1,0,0
womens,Kathrin Schweinberger,AUT,HPH,4,4,450
womens,Katia Ragusa,ITA,HPH,1,2,0
womens,Katrijn De Clercq,BEL,LIL,1,2,0
womens,Katrine Aalerud,NOR,UXM,10,6,955
womens,Kelly Murphy,IRL,XYZ,1,1,0
womens,Kenna Pfeiffer,UNK,T28,1,0,0
womens,Kiara Lylyk,CAN,MMM,1,1,50
womens,Kim Cadzow,NZL,EFO,8,10,0
womens,Kimberly Le Court Pienaar,UNK,AGS,20,8,1826
womens,Kirstie van Haaften,NED,SWC,1,2,0
womens,Kristen Faulkner,USA,EFO,8,12,151
womens,Kristyna Burlova,CZE,CWT,2,1,210
womens,Lana Eberle,GER,KDM,1,1,0
womens,Lani Wittevrongel,BEL,LIL,1,0,0
womens,Lara Crestanello,ITA,SBT,1,1,0
womens,Lara Gillespie,IRL,UAD,10,1,1045
womens,Lara Scarselli,ITA,XYZ,1,1,0
womens,Laura Asencio,FRA,MPE,1,1,0
womens,Laura Molenaar,NED,VWT,1,1,0
womens,Laura Ruiz Perez,ESP,MOV,1,1,0
womens,Laura Sander,EST,HPU,1,4,0
womens,Laura Stigger,AUT,XYZ,1,2,30
womens,Laura Sussemilch,GER,RRN,1,1,0
womens,Laura Tomasi,ITA,UXM,1,1,0
womens,Lauren Dickson,UNK,TFS,2,0,175
womens,Lauren Molengraaf,,XYZ,1,1,0
womens,Lauren Stephens,USA,XYZ,1,2,0
womens,Lauretta Hanson,NZL,LTK,1,1,40
womens,Léa Curinier,FRA,TFS,2,1,150
womens,Lea Lin Teutenberg,GER,LIL,1,1,0
womens,Lea Rondel,UNK,MMM,1,0,0
womens,Lea Stern,SUI,MPE,1,0,0
womens,Letizia Borghesi,ITA,AGS,6,4,610
womens,Letizia Paternoster,ITA,LIV,6,6,324
womens,Liane Lippert,GER,MOV,12,14,1020
womens,Lieke Nooijen,NED,TVL,2,1,180
womens,Lily Williams,USA,HPH,4,4,385
womens,Linda Riedmann,GER,LIL,2,2,130
womens,Linda Zanetti,ITA,UXM,8,1,695
womens,Lisa Klein,GER,RRN,1,6,0
womens,Lisa van Belle,UNK,SDW,1,0,6
womens,Lisa van Helvoirt,NED,XYZ,1,1,0
womens,Lise Menage,FRA,TAM,1,1,0
womens,Loes Adegeest,NED,LTK,2,4,163
womens,Lone Meertens,BEL,BVE,1,1,0
womens,Lonneke Uneken,NED,VWT,2,4,130
womens,Lore De Schepper,BEL,AGS,2,2,5
womens,Lorena Wiebes,NED,SDW,46,45,3917
womens,Lotta Henttala,FIN,R,1,2,0
womens,Lotte Claes,BEL,FPC,4,1,340
womens,Lotte Kopecky,BEL,SDW,48,56,1285
womens,Lourdes Oyarbide,ESP,R,1,1,0
womens,Lucia Ruiz Perez,ESP,MOV,1,1,10
womens,Lucie Fityus,AUS,TPP,1,1,10
womens,Lucie Liboreau,FRA,XYZ,1,1,0
womens,Lucinda Brand,NED,LTK,6,8,0
womens,Luyao Zeng,CHN,XYZ,1,1,0
womens,Maaike Boogaard,NED,VWT,1,2,0
womens,Maaike Colje,NED,XYZ,1,1,0
womens,Maaike van der Duin,NED,CSZ,2,4,110
womens,Macela Elizabeth Prieto,UNK,XYZ,1,1,0
womens,Mackenzie Coupland,AUS,LIV,1,1,0
womens,Madelaine Leech,GBR,ART,1,1,0
womens,Maelle Grossetete,FRA,XYZ,1,1,0
womens,Maeva Squiban,FRA,UAD,4,4,452
womens,Maeve Plouffe,AUS,XYZ,1,1,0
womens,Magdeleine Vallieres-Mill,CAN,EFO,12,2,675
womens,Maggie Coles-Lyster,CAN,HPH,2,4,40
womens,Makayla Macpherson,USA,XYZ,1,1,0
womens,Makhabbat Umutzhanova,KAZ,XYZ,1,2,0
womens,Malou Eisen,UNK,VWT,1,0,0
womens,Malwina Mul,POL,CWT,1,1,20
womens,Manon Bakker,,FDD,1,1,0
womens,Mara Roldan,CAN,TPP,2,1,150
womens,Mareille Meijering,NED,MOV,4,6,240
womens,Marga Lopez,UNK,PRO,1,1,0
womens,Margaux Vigie,,TVL,4,2,300
womens,Margot Marasco,UNK,MPE,1,0,0
womens,Margot Pompanon,FRA,XYZ,1,1,0
womens,Margot Vanpachtenbeke,BEL,LTK,2,4,265
womens,Maria Giulia Confalonieri,,R,6,0,0
womens,Maria Martins,POR,CSZ,1,1,0
womens,Maria-Pia Chiatto,ITA,XYZ,1,1,0
womens,Marianne Vos,NED,TVL,22,26,1870
womens,Marie Hole Mohr,NOR,HPU,1,1,0
womens,Marie Le Net,FRA,TFS,4,2,373
womens,Marie Schreiber,LUX,SDW,2,4,240
womens,Marie-Morgane Le Deunff,FRA,TAV,1,1,0
womens,Marieke Meert,GER,LIL,1,1,0
womens,Marine Allione,FRA,MMM,1,1,0
womens,Marine Lenehan,UNK,LTK,1,0,0
womens,Marion Borras,FRA,CWT,1,2,0
womens,Marion Bunel,FRA,TVL,4,4,415
womens,Marion Norbert Riberolle,BEL,FDD,1,1,40
womens,Marissa Baks,NED,PRO,1,1,0
womens,Marit Raaijmakers,NED,HPH,1,1,0
womens,Marith Vanhove,BEL,XYZ,1,1,30
womens,Marjolein van 't Geloof,NED,LKF,4,2,310
womens,Marjorie Rinaldo,UNK,T28,1,0,0
womens,Marlen Reusser,SUI,MOV,45,22,3628
womens,Marlies Mejias,UNK,T28,1,0,0
womens,Marta Cavalli,ITA,R,2,10,40
womens,Marta Jaskulska,POL,HPH,1,2,0
womens,Marta Lach,POL,SDW,6,10,495
womens,Marta Romeu Solaz,ESP,XYZ,1,1,0
womens,Marte Berg Edseth,NOR,UXM,1,1,140
womens,Marthe Goossens,BEL,AGS,2,1,110
womens,Marthe Truyen,BEL,FPC,4,6,235
womens,Martina Alzini,ITA,CWT,1,2,0
womens,Martina Fidanza,ITA,TVL,4,4,190
womens,Martina Moreno Monteys,ESP,XYZ,1,1,0
womens,Matilde Bertolini,ITA,XYZ,1,1,0
womens,Matilde Vitillo,ITA,LIV,1,1,0
womens,Maud Oudeman,NED,TVL,2,2,100
womens,Maud Rijnbeek,NED,VWT,1,1,40
womens,Maureen Arens,NED,TPP,1,0,0
womens,Maurene Tregouet,FRA,AWO,1,1,0
womens,Mavi Garcia,,UAD,8,10,879
womens,Megan Arens,,TPP,1,0,0
womens,Megan Armitage,IRL,R,1,1,0
womens,Megan Jastrab,USA,UAD,4,4,365
womens,Meis Poland,NED,VWT,1,1,0
womens,Mia Gjertsen,NOR,UXM,1,1,0
womens,Mia Griffin,IRL,TPP,2,1,180
womens,Michaela Drummond,NZL,XYZ,1,1,0
womens,Mie Bjorndal Ottestad,,UXM,6,0,0
womens,Mieke Docx,BEL,DAS,1,1,60
womens,Mieke Kroger,GER,XYZ,1,2,0
womens,Mijntje Geurts,NED,CWT,1,1,70
womens,Mikayla Harvey,NZL,SDW,2,2,6
womens,Milana Ushakova,UNK,UDT,1,0,0
womens,Milena Del Sarto,ITA,XYZ,1,1,0
womens,Millie Couzens,GBR,FPC,4,1,405
womens,Mireia Benito,UNK,AGS,4,2,410
womens,Mirre Knaven,NED,EFO,1,2,0
womens,Mischa Bredewold,NED,SDW,16,14,1673
womens,Mona Mitterwallner,AUT,HPH,2,2,120
womens,Monica Greenwood,GBR,XYZ,1,1,0
womens,Monica Trinca Colonel,ITA,LIV,12,4,1149
womens,Monika Brzezna,POL,XYZ,1,1,0
womens,Morgane Coston,FRA,MPE,1,1,0
womens,Mylene de Zoete,NED,FPC,2,4,150
womens,Nadia Gontova,CAN,LIV,2,1,210
womens,Nadia Quagliotto,ITA,CWT,1,2,130
womens,Naia Amondarain,UNK,LKF,1,1,0
womens,Natalie Grinczer,GBR,XYZ,1,1,0
womens,Natalie Quinn,USA,MMM,1,1,10
womens,Nathalie Bex,BEL,XYZ,1,1,0
womens,Nathalie Eklund,SWE,XYZ,1,1,0
womens,Neve Bradbury,AUS,CSZ,10,16,201
womens,Niamh Fisher-Black,NZL,LTK,18,12,1794
womens,Nicole Frain,AUS,XYZ,1,1,0
womens,Nicole Steigenga,NED,XYZ,2,1,175
womens,Nienke Veenhoven,NED,TVL,6,1,490
womens,Nienke Vinke,NED,SDW,6,6,500
womens,Nikol Plosaj,POL,XYZ,1,1,0
womens,Nikola Noskova,CZE,CWT,2,4,80
womens,Nina Berton,NED,EFO,1,1,0
womens,Nina Buijsman,NED,HPH,1,2,0
womens,Nina Kessler,NED,XYZ,1,1,0
womens,Nina Lavenu,UNK,AGSU,1,0,0
womens,Noa Jansen,NED,LIV,2,1,130
womens,Noemi Garnier,FRA,CAL,1,1,0
womens,Noemi Ruegg,SUI,EFO,6,6,678
womens,Noemie Abgrall,FRA,XYZ,1,1,0
womens,Nora Jencusova,SVK,BIB,1,2,0
womens,Nora Tveit,NOR,HPU,1,1,0
womens,Oceane Mahe,FRA,MPE,1,1,0
womens,Olga Wankiewicz,POL,XYZ,1,1,20
womens,Olga Zabelinskaya,UZB,XYZ,1,1,0
womens,Olha Kulynych,UKR,XYZ,1,1,0
womens,Olivia Baril,CAN,MOV,4,6,215
womens,Olivia Cummins,USA,T28,1,1,0
womens,Omer Shapira,ISR,XYZ,1,1,0
womens,Paula Blasi,UNK,UAD,8,0,821
womens,Paula Ostiz,UNK,MOV,1,0,0
womens,Paula Patino,UNK,LKF,1,2,140
womens,Pauliena Rooijakkers,NED,UAD,8,10,755
womens,Pauline Allin,FRA,XYZ,1,1,0
womens,Pauline Ferrand-Prevot,FRA,TVL,40,25,2015
womens,Petra Stiasny,SUI,HPH,2,2,150
womens,Petra Zsanko,HUN,XYZ,1,1,100
womens,Pfeiffer Georgi,GBR,TPP,14,18,270
womens,Pien Limpens,NED,XYZ,1,1,0
womens,Prisca Savi,ITA,XYZ,1,1,0
womens,Puck Pieterse,NED,FPC,22,20,1820
womens,Quinty Schoens,BEL,VWT,1,1,0
womens,Quinty Ton,NED,LIV,2,1,285
womens,Quinty van de Guchte,NED,XYZ,1,1,0
womens,Rachele Barbieri,ITA,TPP,2,2,60
womens,Rasa Leleivyte,LTU,VAI,1,1,15
womens,Rebecca Koerner,DEN,UXM,1,1,100
womens,Ricarda Bauernfeind,GER,LTK,10,12,40
womens,Riejanne Markus,NED,LTK,8,12,694
womens,Rinata Sultanova,UNK,UDT,1,0,0
womens,Robyn Clay,UNK,TPP,1,0,0
womens,Romina Hinojosa,UNK,LIL,1,0,0
womens,Romy Kasper,GER,PAS,1,1,40
womens,Rosa Maria Kloser,GER,CSZ,1,1,0
womens,Rosita Reijnhout,NED,TVL,2,4,15
womens,Roten Gafinovitz,ISR,XYZ,1,1,0
womens,Roxane Fournier,FRA,XYZ,1,1,0
womens,Ruby Roseman-Gannon,AUS,LIV,2,6,15
womens,Ruth Edwards,UNK,HPH,4,0,200
womens,Rylee McMullen,UNK,T28,1,0,0
womens,Sabrina Stultiens,NED,VWT,1,1,0
womens,Safia Alsayegh,UNK,UDT,1,1,0
womens,Samantha Scott,USA,XYZ,1,1,0
womens,Sandra Alonso,ESP,XYZ,1,2,0
womens,Sandrine Tas,UNK,LIL,1,0,0
womens,Sanne Cant,BEL,XYZ,1,1,0
womens,Sara Casasola,UNK,FPC,1,0,90
womens,Sara Fiorin,ITA,LKF,2,2,80
womens,Sara Martin,ESP,MOV,1,1,100
womens,Sara Poidevin,CAN,XYZ,1,1,0
womens,Sarah Gigante,AUS,AGS,16,12,1080
womens,Sarah Roy,AUS,R,2,2,10
womens,Sarah Van Dam,CAN,TVL,8,1,795
womens,Scarlett Souren,NED,VWT,4,8,100
womens,Segolene Thomas,FRA,R,2,1,230
womens,Senne Knaven,UNK,CMC,1,0,0
womens,Severine Eraud,FRA,XYZ,1,1,0
womens,Shari Bossuyt,BEL,AGS,10,6,290
womens,Sheyla Gutierrez,ESP,MOV,1,2,0
womens,Shirin van Anrooij,NED,LTK,8,10,229
womens,Sigrid Ytterhus Haugset,UNK,UXM,2,1,140
womens,Silje Bader,NED,XYZ,1,1,0
womens,Silke Smulders,NED,LIV,2,4,285
womens,Silvia Magri,ITA,XYZ,1,1,0
womens,Silvia Persico,ITA,UAD,10,14,475
womens,Silvia Zanardi,ITA,HPH,2,2,100
womens,Simone Boilard,CAN,AUB,1,2,0
womens,Skylar Schneider,USA,XYZ,1,1,0
womens,Sofia Arreola,UNK,T28,1,1,0
womens,Sofia Bertizzolo,ITA,TFS,4,6,280
womens,Sofia Collinelli,ITA,XYZ,1,1,0
womens,Sofie van Rooijen,NED,UAD,4,8,225
womens,Solbjork Minke Anderson,UNK,EFO,4,6,0
womens,Solene Muller,UNK,AUB,1,0,0
womens,Sophie Lewis,GBR,DAS,1,1,0
womens,Sophie von Berswordt,UNK,VWT,1,1,90
womens,Sophie Wright,GBR,XYZ,1,1,0
womens,Soraya Paladin,ITA,CSZ,4,6,190
womens,Spela Kern,SLO,CWT,1,1,0
womens,Steffi Häberlin,SUI,SDW,2,1,270
womens,Sterre Vervloet,BEL,LIL,1,1,0
womens,Stina Dale,NOR,XYZ,1,1,0
womens,Stina Kagevi,SWE,EFO,1,1,115
womens,Susanne Andersen,NOR,UXM,8,4,705
womens,Sylvie Swinkels,NED,XYZ,1,1,30
womens,Taisa Naskovich,BLR,XYZ,1,1,0
womens,Talia Appleton,,LIV,1,0,0
womens,Tamara Dronova-Balabolina,RUS,XYZ,2,4,120
womens,Teniel Campbell,TTO,XYZ,1,2,70
womens,Tereza Neumanova,CZE,R,2,2,20
womens,Teuntje Beekhuis,NED,UXM,1,1,0
womens,Thalita de Jong,NED,HPH,6,14,365
womens,Thi That Nguyen,VIE,XYZ,1,2,0
womens,Tiffany Cromwell,AUS,CSZ,1,1,0
womens,Tiril Jorgenson,UNK,LKF,1,1,30
womens,Tirza Wisse,NED,VWT,1,1,0
womens,Titia Ryo,FRA,HPH,1,1,40
womens,Ursa Pintar,SLO,XYZ,1,2,0
womens,Urska Zigart,SLO,AGS,8,6,816
womens,Usoa Ostolaza,UNK,LKF,6,4,625
womens,Valentina Basilico,ITA,EIC,1,1,0
womens,Valentina Cavallar,AUT,SDW,4,2,290
womens,Valentine Fortin,FRA,CWT,6,4,480
womens,Valérie Demey,BEL,R,2,2,50
womens,Valeriya Kononenko,UKR,XYZ,1,2,0
womens,Vera Tieleman,UNK,VWT,1,0,0
womens,Veronica Ewers,USA,XYZ,10,12,0
womens,Veronika Jandova,CZE,VIF,1,1,0
womens,Victoire Berteau,FRA,CWT,4,8,270
womens,Victorie Guilman,FRA,CWT,1,1,0
womens,Viktoria Chladonova,SVK,TVL,6,1,495
womens,Vittoria Guazzini,ITA,TFS,4,6,203
womens,Vittoria Ruffilli,ITA,CGS,1,1,0
womens,Wiktoria Pikulik,POL,HPH,1,2,0
womens,Wilma Aintila,FIN,CSZ,1,1,0
womens,Xaydee Van Sinaey,BEL,FPC,1,1,0
womens,Xenia Estrada,UNK,CGS,1,0,0
womens,Xin Tang,CHN,XYZ,1,1,0
womens,Yanina Kuskova,UZB,LKF,1,1,0
womens,Yara Kastelijn,NED,FPC,18,6,1740
womens,Yulia Biriukova,UKR,LKF,4,2,305
womens,Zahra Hussain,UNK,UDT,1,0,0
womens,Zoe Backstedt,GBR,CSZ,10,6,850
